0, 64.5805315, 87183360.0, 0, 0, 4006.188458445, 4003.19280406431
1, 85.8379904, 266018816.0, 0, 0, 3470.1342368485703, 3454.92254408082
2, 68.5378343, 191066112.0, 0, 0, 3983.1663608626204, 3979.21182773275
3, 59.1067854, 190955520.0, 0, 0, 3520.8392251646, 3508.9710495541403
4, 56.655961500000004, 190844928.0, 0, 0, 3127.42918630251, 3120.03976663536
5, 66.8137702, 190865408.0, 0, 0, 3405.4475092288903, 3393.55090966806
6, 58.5579073, 190799872.0, 0, 0, 3191.899000812563, 3180.0332003151
7, 59.354095900000004, 190939136.0, 0, 0, 3127.72346824948, 3119.7292850293998
8, 53.9526459, 190996480.0, 0, 0, 3162.5662094858044, 3153.6714700603297
9, 63.561013, 191098880.0, 0, 0, 4324.76028047981, 4313.75616886846
10, 67.6386535, 266129408.0, 0, 0, 3111.631802888919, 3098.67686793575
11, 61.129024099999995, 191074304.0, 0, 0, 3970.2152527565495, 3963.2056783890202
12, 63.3295567, 190881792.0, 0, 0, 3141.67177245897, 3134.87165215427
13, 60.5017183, 190959616.0, 0, 0, 3184.7608039404035, 3177.8903341002
14, 67.6421711, 191127552.0, 0, 0, 4066.80393223481, 4060.78781464549
15, 77.9514803, 266031104.0, 0, 0, 3470.33103907407, 3463.1524878421797
16, 90.0947901, 191057920.0, 0, 0, 5231.57833902364, 5222.10425026902
17, 75.71002010000001, 265977856.0, 0, 0, 4108.03502257566, 4095.2001414343504
18, 72.8509852, 265846784.0, 0, 0, 3192.9321438197003, 3179.72896955112
19, 64.7074556, 190988288.0, 0, 0, 3758.20259165435, 3750.22130204355
20, 63.577106900000004, 191016960.0, 0, 0, 3669.09860611253, 3663.10339423085
21, 58.5380556, 191000576.0, 0, 0, 3257.63960972776, 3249.52103840371
22, 63.287468700000005, 190865408.0, 0, 0, 3531.44285518791, 3524.40800391508
23, 68.7082735, 190763008.0, 0, 0, 4361.797900537707, 4355.72148256818
24, 76.0951292, 265781248.0, 0, 0, 3388.7421364704596, 3376.7534252349897
25, 58.8142773, 191021056.0, 0, 0, 4283.45505871573, 4280.38377360925
26, 74.89585410000001, 265809920.0, 0, 0, 3259.9590896113323, 3248.826320265579
27, 75.7839154, 191066112.0, 0, 0, 3853.4732490521155, 3849.72876040456
28, 63.2906187, 191062016.0, 0, 0, 3404.4484623517, 3397.27091650659
29, 75.0247369, 190865408.0, 0, 1.99333606389502, 3267.64037677705, 3257.42936213254
30, 62.3414502, 190771200.0, 0, 0, 3533.69065794974, 3527.5915925056197
31, 82.770545, 190885888.0, 0, 0, 4041.6356796666105, 4033.5645135956697
32, 77.72644170000001, 265916416.0, 0, 0, 4675.4558582135105, 4662.938619213601
33, 75.2121905, 265977856.0, 0, 0, 3298.6203921295337, 3283.62675369403
34, 82.1898192, 191102976.0, 0, 0, 3745.94330084273, 3740.9423083699203
35, 62.7013151, 191090688.0, 0, 0, 3303.0357285936398, 3295.08859677736
36, 73.3481907, 190767104.0, 0, 0, 3704.5931897911723, 3693.7466668068
37, 67.6991326, 190754816.0, 0, 0, 4847.7288783350705, 4839.89382624145
38, 72.1146973, 265678848.0, 0, 0, 3342.4026206909903, 3340.4234246595106
39, 64.34323219999999, 191008768.0, 0, 0, 4626.42993113412, 4527.38401997728
40, 79.197421, 265871360.0, 0, 0, 3962.534162524866, 3942.54187903909
41, 89.5989467, 190808064.0, 0, 0, 4758.20584814092, 4748.37117076746
42, 74.650426, 265809920.0, 0, 0, 3285.94349879766, 3273.902915421655
43, 67.4928745, 190832640.0, 0, 0, 3739.16448291304, 3723.39922039642
44, 76.0264042, 190828544.0, 0, 0, 3431.69451640434, 3426.5600837579896
45, 62.1049361, 190865408.0, 0, 0, 3261.8457332057997, 3251.86442982471
46, 57.5457521, 190898176.0, 0, 0, 3370.15986813953, 3358.86783151927
47, 60.6905167, 190455808.0, 0, 0, 3241.0404862655105, 3232.11315429275
48, 63.3779883, 190717952.0, 0, 0, 3237.15353139537, 3230.95534548843
49, 63.4959864, 190582784.0, 0, 0, 3371.4487555387, 3363.43103685906
50, 67.2026025, 190668800.0, 0, 0, 5106.035605462378, 4981.90361002799
51, 80.3981302, 265650176.0, 0, 0, 3782.06865363864, 3767.31376599312
52, 87.1031409, 190914560.0, 0, 0, 4402.30620178152, 4394.61142944809
53, 76.9721076, 265715712.0, 0, 0, 3467.53136767456, 3461.4406601952696
54, 60.3240282, 190926848.0, 0, 0, 4580.583633324006, 4557.72034114076
55, 91.18161359999999, 265572352.0, 0, 0, 3776.4029837948, 3762.25481980931
56, 63.8608878, 190791680.0, 0, 0, 3395.74874470179, 3389.53900142231
57, 79.9256282, 190803968.0, 0, 0, 3997.1622229274226, 3991.3717746107104
58, 62.3496959, 190943232.0, 0, 0.998887605175072, 3209.057014259073, 3200.09061569144
59, 83.3883768, 190865408.0, 0, 0, 4317.46027493003, 4310.41040387889
60, 76.1098832, 265818112.0, 0, 0, 3220.67114305014, 3204.73656442208
61, 60.6222815, 190763008.0, 0, 0, 4012.96336082451, 4006.05496628018
62, 82.9905926, 265748480.0, 0, 0, 4708.589395419, 4696.56745061887
63, 88.8049652, 265658368.0, 0, 0, 4395.02016802023, 4383.192329204599
64, 72.65029200000001, 265834496.0, 0, 0, 3216.2994651727704, 3200.569212972347
65, 84.3303434, 190930944.0, 0, 0, 3205.45769049683, 3196.3048609613597
66, 66.8621313, 190836736.0, 0, 0, 4043.47202988554, 4037.49014440039
67, 82.7436223, 265891840.0, 0, 0, 4091.309643822783, 4075.2611743253296
68, 70.5169302, 265850880.0, 0, 0, 3207.550175980855, 3193.626734610491
69, 79.2689718, 190992384.0, 0, 0, 4421.13067758134, 4415.03255669125
70, 72.9462441, 265854976.0, 0, 0, 3351.5664775058794, 3338.021057733162
71, 64.2980009, 191016960.0, 0, 0, 3656.01895098991, 3648.92363484396
72, 64.1970281, 190828544.0, 0, 0, 3190.8559127099597, 3182.10837187203
73, 61.274840299999994, 190742528.0, 0, 0, 3489.21136734024, 3484.22556014588
74, 66.7968783, 190865408.0, 0, 0, 3831.8799627734293, 3821.78394148302
75, 64.5765039, 190849024.0, 0, 0, 3720.26429863088, 3711.36421488438
76, 62.0812332, 190922752.0, 0, 0, 3845.3409986666466, 3831.25193162023
77, 61.4599219, 191053824.0, 0, 0, 3372.164929367949, 3363.9300753478287
78, 63.9388433, 190910464.0, 0, 0, 4587.529560711592, 4578.59106716646
79, 71.8835335, 265711616.0, 0, 0, 3449.09953217536, 3434.70812650634
80, 78.8495457, 190910464.0, 0, 0, 3170.73467793005, 3162.79046730646
81, 64.2365523, 191135744.0, 0, 0, 3519.9100748595556, 3503.80099479437
82, 71.30928220000001, 191168512.0, 0, 0, 4317.71937319466, 4307.92417184187
83, 77.1330146, 265940992.0, 0, 0, 3175.1643163366007, 3163.301388701363
84, 71.69094989999999, 191115264.0, 0, 0, 4778.78213604147, 4778.7780464902
85, 77.0305968, 265924608.0, 0, 0, 3702.174276547388, 3689.0613851613402
86, 50.727435099999994, 191008768.0, 0, 0, 3156.8943021890163, 3148.39597098494
87, 65.6563906, 190914560.0, 0, 0, 3415.988188771704, 3404.92999597948
88, 64.1959324, 191033344.0, 0, 0, 3908.6179972075824, 3783.08345343676
89, 58.7022753, 190980096.0, 0, 0, 3407.08970277916, 3402.0029848435697
90, 69.8468472, 191008768.0, 0, 0, 4341.49226648381, 4336.59656582238
91, 70.86062, 265940992.0, 0, 0, 3146.382400456128, 3133.1666223800676
92, 63.036320599999996, 190881792.0, 0, 0, 3376.74563981096, 3371.8936934338
93, 61.0507743, 190947328.0, 0, 0, 3273.8634501957904, 3269.91336671606
94, 59.044187300000004, 190849024.0, 0, 0, 3312.64830983299, 3306.6180060219
95, 62.9613796, 190746624.0, 0, 0, 3340.5119720182, 3337.4184926685502
96, 67.0506978, 190840832.0, 0, 0, 3303.438436122822, 3292.3455082251803
97, 57.2006894, 190509056.0, 0, 0, 3254.93900230917, 3250.95510767712
98, 64.143483, 190636032.0, 0, 0, 3132.05088332761, 3120.94462188719
99, 61.6605448, 190668800.0, 0, 0, 3325.437855946837, 3313.15186376563
100, 67.9251015, 190652416.0, 0, 0, 3407.78724268636, 3401.76466542835
101, 68.3984724, 190636032.0, 0, 0, 3280.39841423938, 3274.36087527083
102, 65.4501471, 190599168.0, 0, 0, 3427.44341452266, 3417.49149291454
103, 68.3533927, 190775296.0, 0, 0, 3288.52829530113, 3281.41846215395
104, 59.623660799999996, 190746624.0, 0, 0, 3110.97459482032, 3104.11593049389
105, 58.8175736, 190939136.0, 0, 0, 3109.18050248381, 3099.1250430707496
106, 58.4680241, 190783488.0, 0, 0, 3266.78666824952, 3259.78470403589
107, 66.6537664, 190881792.0, 0, 0, 3977.02644737418, 3972.1940199168002
108, 62.148453599999996, 190722048.0, 0, 0, 3088.534538746918, 3080.18405056038
109, 56.6841493, 190799872.0, 0, 0, 3086.16114270904, 3077.26157796443
110, 65.4048919, 190853120.0, 0, 0, 4120.30435607086, 4113.35791107109
111, 71.7146677, 265809920.0, 0, 0, 3096.2322698064504, 3083.2856625092722
112, 57.7035579, 190996480.0, 0, 0, 3167.59677400598, 3161.4321780033897
113, 67.5951555, 190595072.0, 0, 0, 4278.54901590693, 4270.444063970281
114, 73.0849402, 265654272.0, 0, 0, 3482.23150739431, 3468.07162463805
115, 91.5812929, 190910464.0, 0, 0, 4414.880589227156, 4404.44665630292
116, 73.4500757, 265621504.0, 0, 0, 3563.47557643116, 3552.417589613896
117, 80.7197216, 190971904.0, 0, 0, 4679.01460844529, 4674.01347429185
118, 74.09310690000001, 265859072.0, 0, 0, 3234.5657462155414, 3217.5106585876374
119, 71.4340597, 190873600.0, 0, 0, 4672.85401242353, 4476.30399091844
120, 77.3416604, 265719808.0, 0, 0, 4153.49130912708, 4141.37380451828
121, 74.6186983, 265318400.0, 0, 0, 3281.18475114219, 3269.099453163447
122, 63.7549422, 190763008.0, 0, 0, 3035.8539233150386, 3026.73720611272
123, 60.858729499999995, 190779392.0, 0, 0, 3162.44063749659, 3155.29301947085
124, 64.1106131, 190849024.0, 0, 0, 3137.9367183987597, 3129.71697403864
125, 61.0873207, 190869504.0, 0, 0, 3573.9553774548003, 3565.98645247941
126, 59.2305279, 190816256.0, 0, 0, 3835.7458044305013, 3827.8488741101
127, 55.173273, 190734336.0, 0, 0, 3397.6966527824898, 3391.6616705587903
128, 63.3020358, 190730240.0, 0, 0, 4177.90094839329, 4171.95376418844
129, 71.1107181, 265674752.0, 0, 0, 3242.0526483279, 3228.22293739572
130, 69.37625919999999, 190926848.0, 0, 0, 4296.891599210246, 4284.07386306009
131, 74.6187187, 265797632.0, 0, 0, 3335.667415414983, 3316.7151739537403
132, 78.6592974, 190619648.0, 0, 0, 4424.50240514864, 4416.79755909517
133, 74.7291508, 265650176.0, 0, 0, 3214.2476792993466, 3202.25851826947
134, 81.8023518, 190476288.0, 0, 0, 4718.62343216187, 4713.46773439729
135, 70.014849, 265445376.0, 0, 2.03551576562756, 3267.6480160702704, 3255.6603515654006
136, 65.071414, 190672896.0, 0, 1.00144440300446, 3280.21105301847, 3273.28241037267
137, 66.8292395, 190738432.0, 0, 0, 4488.41000962351, 4484.46848349998
138, 88.2693159, 265662464.0, 0, 0, 4512.37148912168, 4507.44117760154
139, 76.71946179999999, 265543680.0, 0, 0, 3437.8080841549313, 3427.95414595507
140, 67.015845, 190730240.0, 0, 0, 4274.80732134769, 4269.1738346068705
141, 78.4359191, 265404416.0, 0, 0, 4215.355420270973, 4204.5951320238
142, 77.5702326, 265691136.0, 0, 0, 3678.628914927625, 3662.29745822266
143, 84.7911361, 191094784.0, 0, 0, 4639.09691458608, 4635.21643865075
144, 81.21040339999999, 266010624.0, 0, 0, 3582.55686060962, 3569.35187150597
145, 96.3221137, 190947328.0, 0, 0, 5930.763906680841, 5927.77953551044
146, 80.620216, 265306112.0, 0, 0, 4827.00565843025, 4818.06843236998
147, 79.3953131, 265474048.0, 0, 0, 4428.953475676501, 4419.05654088111
148, 84.35766670000001, 265478144.0, 0, 0, 3706.0817045795898, 3700.1168067418193
149, 77.5315544, 190754816.0, 0, 0, 4567.519462396929, 4559.11557245888
150, 92.6679831, 265543680.0, 0, 0, 4716.96547619897, 4706.0049257888895
151, 94.0550275, 265809920.0, 0, 0, 4991.70695547344, 4985.69167097854
152, 89.9442947, 265650176.0, 0, 0, 3876.1109471817435, 3861.9719805528603
153, 75.2523893, 190787584.0, 0, 0, 4668.9778911061, 4651.974760607531
154, 82.03140680000001, 265424896.0, 0, 0, 4072.2287299849795, 4062.09792018967
155, 80.9088036, 265441280.0, 0, 0, 3931.7741047925692, 3913.0184888413805
156, 89.807386, 190763008.0, 0, 0, 5819.44175501679, 5827.47085861057
157, 81.897085, 265637888.0, 0, 0, 4014.4538365980497, 3998.80566380446
158, 92.24951329999999, 265699328.0, 0, 0, 4290.73314212685, 4285.66792288414
159, 86.5045656, 265502720.0, 0, 0, 4338.1677066613, 4324.05265312712
160, 96.4458169, 265486336.0, 0, 0, 4715.72521459137, 4706.67952398523
161, 93.02028349999999, 265449472.0, 0, 0, 4411.23092978986, 4398.24193007937
162, 101.15942340000001, 265269248.0, 0, 0, 5382.26118733032, 5371.3539682909595
163, 90.699371, 265261056.0, 0, 0, 4808.37118391972, 4796.486735164291
164, 95.1936309, 265261056.0, 0, 0, 4352.736836953891, 4340.54674745152
165, 97.2764871, 265375744.0, 0, 0, 5094.76395188805, 5082.79735496399
166, 87.308552, 265474048.0, 0, 0, 4552.49688433507, 4540.53992596241
167, 101.09924240000001, 265351168.0, 0, 0, 4768.35513690161, 4758.14493068553
168, 94.4853252, 265461760.0, 0, 0, 5629.99283131642, 5617.75380116673
169, 94.0290925, 265289728.0, 0, 0, 5043.398601904661, 5029.422871892039
170, 94.6605935, 265248768.0, 0, 0, 5148.06755051633, 5138.1896544807405
171, 101.2753141, 265363456.0, 0, 0, 5478.40352354024, 5462.0389199394
172, 90.8062906, 265396224.0, 0, 0, 5186.78233325736, 5174.7734529728805
173, 91.1021378, 265433088.0, 0, 0, 5000.9543130683005, 4981.85566801343
174, 102.7412573, 265252864.0, 0, 0, 6181.696944023353, 6168.501103600481
175, 117.2662132, 468094976.0, 0, 0, 5450.84403691664, 5435.85796599869
176, 97.9382011, 264986624.0, 0, 0, 4760.46514797528, 4755.38386140035
177, 94.4983462, 265089024.0, 0, 0, 4858.69985609819, 4847.68267851363
178, 99.032444, 265187328.0, 0, 0, 4754.16921370194, 4744.978452197211
179, 96.63723200000001, 265089024.0, 0, 0, 4746.501244820361, 4736.10167408504
180, 96.0387489, 265121792.0, 0, 0, 4762.3967992229, 4749.19842421087
181, 100.252391, 265019392.0, 0, 0, 4785.952747045514, 4776.600700179701
182, 98.1193251, 264986624.0, 0, 0, 4794.86838506087, 4780.52146799971
183, 108.98873590000001, 264962048.0, 0, 0, 5749.49981913707, 5740.50770790847
184, 100.450412, 265093120.0, 0, 0, 6605.966049466981, 6590.95342133727
185, 111.34627660000001, 467927040.0, 0, 2.00745934760105, 5055.43099317939, 5032.4713879779
186, 109.95174130000001, 265129984.0, 0, 0, 6065.75382776072, 6055.77712743827
187, 110.2995609, 467845120.0, 0, 0, 5517.85672818292, 5506.02214416927
188, 90.6363243, 265269248.0, 0, 0, 4986.33866146894, 4974.38347196383
189, 96.55748059999999, 265023488.0, 0, 0, 5376.509170104143, 5362.6871750902
190, 102.1445694, 265117696.0, 0, 0, 5441.76469576643, 5430.75503465738
191, 101.009152, 265383936.0, 0, 0, 6151.2129464604295, 6134.2319859008
192, 103.4647619, 468164608.0, 0, 0, 4968.95493892157, 4950.2863879571
193, 92.0772091, 265170944.0, 0, 0, 5019.22271285395, 5007.30519552062
194, 93.3207306, 265072640.0, 0, 0, 4960.02847874811, 4949.2607497014
195, 102.3585736, 264720384.0, 0, 0, 5586.01419364476, 5573.16637057318
196, 106.0673324, 264728576.0, 0, 0, 6099.60760454266, 6087.58668100135
197, 111.4873378, 467652608.0, 0, 0, 5040.959474302785, 5022.40756014738
198, 91.17799020000001, 265015296.0, 0, 0, 5032.8772477843995, 5023.19318589325
199, 92.2237699, 265084928.0, 0, 1.99829405895832, 4929.1273405979, 4919.5143414021695
200, 110.38929240000002, 264777728.0, 0, 0, 4935.17355841917, 4918.15868032921
201, 96.7049442, 264896512.0, 0, 0, 4956.29202574839, 4943.70204277346
202, 99.4420492, 264994816.0, 0, 0, 5171.49517505289, 5157.61330424156
203, 156.7990006, 287412224.0, 47.8277699424692, 116.580189234769, 5841.51459199274, 5832.482792628411
204, 109.8520522, 287412224.0, 0, 0, 6177.355226298849, 6160.11253930067
205, 116.4391657, 490082304.0, 0, 0, 6112.400713688001, 6095.3554593481
206, 114.60537140000001, 490139648.0, 0, 0, 5008.911176188221, 4988.19708489249
207, 105.3545254, 287596544.0, 0, 0, 6154.5458574874, 6142.4761669194195
208, 114.9802178, 490065920.0, 0, 0, 5302.58502711083, 5284.06398699623
209, 98.3374387, 287395840.0, 0, 0, 4935.793283015109, 4926.62871183882
210, 103.6550866, 287457280.0, 0, 0, 6082.1698085936405, 6072.301878133039
211, 113.02889440000001, 489828352.0, 0, 0, 5582.910107100941, 5570.937122262831
212, 120.534276, 287502336.0, 0, 0, 7035.322511616419, 7031.3192506079295
213, 106.76517369999999, 489988096.0, 0, 0, 4841.723962092261, 4827.74577528155
214, 96.9927371, 287154176.0, 0, 0, 4833.0096741049, 4824.13804699314
215, 93.31007170000001, 287125504.0, 0, 0, 4834.70265620363, 4821.66910995129
216, 104.98872109999999, 287223808.0, 0, 0, 6025.187234156399, 6012.121522952561
217, 109.0217335, 490201088.0, 0, 0, 4941.27521666347, 4924.96901161744
218, 100.22234259999999, 287547392.0, 0, 0, 4836.97431953647, 4827.83769835512
219, 97.4330548, 287588352.0, 0, 0, 6042.98435311564, 6031.89999269702
220, 111.96774889999999, 490258432.0, 0, 0, 5582.2433045814005, 5565.89705238132
221, 98.73746499999999, 287526912.0, 0, 0, 5115.6922148347, 5101.518505257371
222, 94.311218, 287408128.0, 0, 0, 4956.61548952613, 4945.58411543975
223, 102.8063845, 287391744.0, 0, 0, 5233.174135082911, 5224.16147387036
224, 91.67432289999999, 287551488.0, 0, 0, 4906.9440351882, 4894.41647091196
225, 107.8629386, 287436800.0, 0, 0, 5936.27555410565, 5928.40596576466
226, 106.2423104, 287354880.0, 0, 0, 6087.82707130945, 6075.50961865674
227, 108.7672128, 490237952.0, 0, 0, 4968.59465243672, 4952.50243501371
228, 93.7517479, 287477760.0, 0, 0, 4822.49289332031, 4808.340330473729
229, 105.9573795, 287543296.0, 0, 0, 4785.73029955066, 4771.90852709923
230, 100.6455154, 287469568.0, 0, 0, 5212.77730582754, 5201.02860508518
231, 94.0302251, 287203328.0, 0, 0, 5414.65889825644, 5400.6557107114695
232, 89.61358249999999, 287334400.0, 0, 0, 4734.533535241386, 4716.763108246971
233, 96.1688444, 287453184.0, 0, 0, 5129.44815967677, 5120.580635855989
234, 100.56308440000001, 287379456.0, 0, 0, 5407.84584232027, 5398.09297004293
235, 95.7446399, 287535104.0, 0, 0, 5848.83295482172, 5835.81553175071
236, 106.38981949999999, 287633408.0, 0, 0, 5471.43306587424, 5462.49974189377
237, 91.6934852, 287744000.0, 0, 0, 4991.970295364625, 4972.17263077789
238, 95.9071392, 287571968.0, 0, 0, 4717.54830465415, 4705.51364512553
239, 108.89791260000001, 287625216.0, 0, 0, 5976.38736678462, 5963.73234047923
240, 95.7098531, 287555584.0, 0, 0, 4819.7640308566, 4809.52705089768
241, 94.6175093, 287551488.0, 0, 0, 4755.874044648708, 4738.00595583818
242, 89.8692412, 287195136.0, 0, 0, 5424.31205555528, 5405.34677974226
243, 89.5514441, 287068160.0, 0, 0, 4736.0229339507405, 4729.94757215161
244, 103.454635, 287256576.0, 0, 0, 4959.62171878501, 4952.52898565096
245, 95.86266559999999, 287252480.0, 0, 0, 4833.61225634127, 4821.43172578406
246, 88.2988618, 287305728.0, 0, 0, 5141.84621238318, 5131.08158872101
247, 95.46125649999999, 287408128.0, 0, 0, 5797.673559712418, 5780.7510580462
248, 106.3678942, 287604736.0, 0, 0, 5768.39179044361, 5755.23217774718
249, 94.8334724, 287305728.0, 0, 0, 5485.99694000041, 5477.345641927899
250, 98.3508683, 287285248.0, 0, 0, 4568.15209683934, 4553.32475675426
251, 89.681408, 287174656.0, 0, 0, 4582.75756741046, 4571.73541207898
252, 88.7166144, 287244288.0, 0, 0, 4644.75804645206, 4634.57755809439
253, 94.04292419999999, 287342592.0, 0, 0, 4620.5107803403, 4611.58696061975
254, 94.85402090000001, 287395840.0, 0, 0, 4566.474490051471, 4557.43564768186
255, 110.43665299999999, 287494144.0, 0, 0, 6845.641809078061, 6835.639166885219
256, 104.12647419999999, 489943040.0, 0, 0, 5713.2572240892905, 5702.26146445111
257, 103.3415905, 287232000.0, 0, 0, 5582.50013693066, 5573.58710462182
258, 94.7301563, 287252480.0, 0, 0, 4569.269328791976, 4554.05855970759
259, 95.8026275, 287240192.0, 0, 0, 4870.86933986529, 4859.87416380636
260, 105.55593010000001, 287395840.0, 0, 0, 5768.29530096281, 5756.2255533178995
261, 91.4890644, 287371264.0, 0, 0, 4541.486334798987, 4527.4008931327
262, 91.2815591, 287436800.0, 0, 0, 4946.03573228699, 4934.90773010816
263, 94.6465177, 287207424.0, 0, 0, 4464.5224643015, 4453.52573128739
264, 96.48259350000001, 287256576.0, 0, 0, 5506.01769521605, 5494.23458262204
265, 96.1721464, 287240192.0, 0, 0, 5438.7765927108, 5426.658996971641
266, 95.62441340000001, 287305728.0, 0, 0, 5215.5559618508305, 5207.60768964258
267, 92.24086779999999, 287309824.0, 0, 0, 5091.9588906929, 5078.3704961898
268, 96.2174672, 287514624.0, 0, 0, 5464.974043653046, 5452.864205162539
269, 91.5479636, 287121408.0, 0, 0, 4832.94903994546, 4820.02153282493
270, 105.2620998, 287268864.0, 0, 0, 5413.93072749428, 5403.7731408565005
271, 84.3811705, 287305728.0, 0, 0, 4293.49686826379, 4281.34524728726
272, 95.65724230000001, 287318016.0, 0, 0, 4771.639583027139, 4763.61073103263
273, 96.2084778, 287232000.0, 0, 1.98954590955085, 4870.638952242217, 4854.21495437684
274, 95.0838942, 287539200.0, 0, 0, 4219.80689422093, 4209.67700090459
275, 94.5391506, 287432704.0, 0, 0, 5838.1493025338605, 5825.14127012293
276, 87.4655075, 287174656.0, 0, 0, 4412.52598642828, 4403.56099738265
277, 97.5596212, 287219712.0, 0, 0, 5323.94538832312, 5314.0548272282995
278, 90.24909779999999, 287232000.0, 0, 25.9224886940434, 5348.571475996918, 5337.53492776018
279, 87.8075508, 287150080.0, 0, 0, 4205.0121603523785, 4190.52675103675
280, 99.4999669, 287047680.0, 0, 0, 5344.22773060064, 5334.0697828623
281, 94.0708703, 287285248.0, 0, 0, 5137.148469171352, 5122.05194281893
282, 87.5267898, 287207424.0, 0, 0, 4760.01835533746, 4742.838294253221
283, 94.2153787, 287154176.0, 0, 0, 4461.4997132832505, 4454.43417139346
284, 97.347469, 287195136.0, 0, 0, 5324.97413170276, 5317.76268910838
285, 95.014367, 287281152.0, 0, 0, 5291.1325842468605, 5278.17790499033
286, 91.3163261, 287191040.0, 0, 0, 4312.50852988725, 4304.45786066241
287, 86.92194839999999, 287264768.0, 0, 0, 5338.54400221668, 5327.54564355014
288, 85.2822711, 287387648.0, 0, 0, 4084.5792599425095, 4069.4322288823696
289, 94.3270063, 287252480.0, 0, 0, 4935.074198369621, 4917.13194130083
290, 84.8305905, 287072256.0, 0, 0, 4173.98892261923, 4161.86502164399
291, 84.35999290000001, 287109120.0, 0, 0, 4057.238748397069, 4045.09396360775
292, 106.0141261, 287252480.0, 0, 0, 4783.734659539348, 4771.26556537951
293, 86.0991947, 287485952.0, 0, 0, 4018.37788632789, 4006.43449016664
294, 91.329126, 287674368.0, 0, 0, 4118.98149710361, 4110.92421047715
295, 95.2818382, 287776768.0, 0, 2.02523006979749, 4413.728625639929, 4405.864521093579
296, 87.2954144, 287731712.0, 0, 0, 3976.8335354191795, 3960.8258623894803
297, 87.2874281, 213282816.0, 0, 0, 5457.45350419028, 5449.25237107337
298, 85.7404874, 287813632.0, 0, 0, 4188.6144135994, 4174.57576283287
299, 82.7098813, 287834112.0, 0, 0, 3944.433018396101, 3934.5582884281803
300, 100.0660411, 213147648.0, 0, 0, 5625.374467517143, 5617.59811334653
301, 84.3038051, 287797248.0, 0, 0, 4255.76575080962, 4243.69259843789
302, 97.1721914, 287940608.0, 0, 0, 5426.69941846098, 5413.79389483204
303, 91.57123179999999, 287735808.0, 0, 0, 4414.4956868773, 4402.53488200996
304, 96.868399, 287657984.0, 0, 0, 4987.856093348218, 4968.80779530228
305, 83.4750007, 287698944.0, 0, 0, 4437.93060520123, 4430.07241998062
306, 79.4693048, 287633408.0, 0, 0, 3876.3191389717404, 3862.40018089739
307, 98.8177745, 213135360.0, 0, 0, 5534.36236868176, 5557.6079745404895
308, 86.6237727, 287879168.0, 0, 0, 3801.8626816423803, 3789.55896306271
309, 93.37106370000001, 212934656.0, 0, 0, 5504.567581046949, 5497.519572064501
310, 83.28858690000001, 287518720.0, 0, 0, 3878.2414491696973, 3858.8214629965905
311, 86.2348326, 212848640.0, 0, 0, 4227.523512720824, 4242.22034779373
312, 86.9836704, 287514624.0, 0, 0, 3785.436441817962, 3768.3594616288
313, 90.9462846, 212865024.0, 0, 0, 4854.58853558393, 4844.09439144567
314, 88.55148940000001, 322043904.0, 0, 0, 3970.9563524572004, 3963.04878312234
315, 68.3587171, 212537344.0, 0, 0, 3825.79696905915, 3817.94300949431
316, 74.88170120000001, 212631552.0, 0, 0, 4977.903809534269, 4971.96014712979
317, 80.8483884, 322215936.0, 0, 0, 3811.5561210648, 3799.19098981917
318, 67.7220626, 212680704.0, 0, 0, 4266.88192013522, 4257.99053886386
319, 92.3191814, 322355200.0, 0, 0, 4568.42685287319, 4556.4936672464
320, 88.95029579999999, 322330624.0, 0, 0, 3983.57360782301, 3971.4294852302896
321, 96.1281155, 212946944.0, 0, 0, 5825.14281059976, 5816.23826520483
322, 83.4678253, 322658304.0, 0, 0, 3823.5044966335, 3809.2667420098196
323, 103.462669, 213135360.0, 0, 0, 6460.064746970979, 6449.30124727809
324, 93.36787460000001, 525336576.0, 0, 0, 3995.675372077541, 3971.873383717808
325, 81.1510344, 212992000.0, 0, 0, 4934.82362470599, 4933.92565524512
326, 82.93086170000001, 322584576.0, 0, 0, 3943.180340081411, 3928.35723554374
327, 90.6784983, 213012480.0, 0, 0, 5354.630485961544, 5343.5588979574495
328, 95.75493829999999, 322813952.0, 0, 0, 3970.8460511557796, 3959.3240868533003
329, 69.3959552, 213184512.0, 0, 0, 4011.108113060385, 4001.2939896939097
330, 89.34368889999999, 322813952.0, 0, 0, 3796.70129806903, 3786.09291533928
331, 92.63590669999999, 212889600.0, 0, 0, 6035.541891764569, 6024.764456044801
332, 90.209615, 525406208.0, 0, 0, 3790.3934931980925, 3769.4072847644493
333, 82.72547979999999, 213069824.0, 0, 0, 4952.451373113887, 4941.956484739019
334, 79.2091265, 322772992.0, 0, 0, 3969.1166407443598, 3951.04315172494
335, 71.02221399999999, 213217280.0, 0, 0, 5030.7834046859, 5021.85516290318
336, 86.1386242, 322740224.0, 0, 0, 3707.32371518082, 3693.9517351406294
337, 101.1931977, 212905984.0, 0, 2.00202536776477, 5241.50425487984, 5234.62440652343
338, 84.5344609, 322019328.0, 0, 0, 3810.7166006676, 3765.8025032366804
339, 71.2852429, 212639744.0, 0, 0, 3939.8810713243, 3933.91919046771
340, 71.80464979999999, 212525056.0, 0, 0, 4850.115639235455, 4842.0570952238795
341, 81.2070493, 322039808.0, 0, 0, 3656.91334109528, 3646.0674265422795
342, 86.9417407, 212987904.0, 0, 0, 5278.04479262128, 5272.13204604171
343, 77.427981, 322510848.0, 0, 0, 4290.27978649041, 4278.95104567911
344, 77.94348450000001, 322150400.0, 0, 0, 4228.4655804983595, 4212.57432069906
345, 82.6113782, 322338816.0, 0, 0, 3568.9141766947796, 3554.0976644124703
346, 66.3047723, 212787200.0, 0, 0, 4230.36863488041, 4222.45213132698
347, 76.3028011, 322416640.0, 0, 0, 3608.1439410390904, 3599.0053346712702
348, 67.6153492, 212885504.0, 0, 0, 3825.0712338994, 3815.04220692229
349, 68.17897239999999, 212860928.0, 0, 0, 3523.7378108266457, 3511.41025799312
350, 72.0790978, 212697088.0, 0, 0, 4685.187828840129, 4673.32157914273
351, 81.3455313, 322244608.0, 0, 0, 3492.16261546486, 3477.7660870407303
352, 81.124232, 212701184.0, 0, 0, 4846.75076340715, 4842.80772732421
353, 90.6279764, 322506752.0, 0, 0, 4435.1496892572295, 4425.21217874879
354, 78.3233168, 322519040.0, 0, 0, 3515.6047865591054, 3493.6388842856195
355, 72.3230605, 212897792.0, 0, 0, 4503.66165911256, 4495.32737896641
356, 81.182009, 322641920.0, 0, 0, 3481.89573194035, 3461.55141635388
357, 87.6959375, 213155840.0, 0, 0, 4727.1873817878695, 4711.831692982611
358, 77.7198856, 322822144.0, 0, 0, 3464.071672236567, 3448.6625127512903
359, 70.0549731, 212885504.0, 0, 0, 3667.96539617495, 3660.84095862604
360, 67.45173729999999, 212869120.0, 0, 0, 4624.538249684234, 4615.77044667438
361, 81.3989033, 322686976.0, 0, 0, 3533.47904172603, 3519.82014989119
362, 86.1548853, 213037056.0, 0, 0, 4294.39320794551, 4284.43168813874
363, 82.32250590000001, 322555904.0, 0, 0, 3864.07536680183, 3856.06701583608
364, 69.8267257, 213073920.0, 0, 0, 4920.62724490156, 4920.62724490156
365, 78.6934166, 322445312.0, 0, 2.01210914399108, 3543.4393605086807, 3529.5472204363796
366, 80.6582672, 212721664.0, 0, 0, 5153.80908123665, 5142.01313104894
367, 85.0304531, 322617344.0, 0, 0, 4047.03839503787, 4038.0586160302
368, 77.6335555, 322744320.0, 0, 0, 4387.61959473204, 4370.39415535357
369, 80.0062152, 322826240.0, 0, 0, 3640.08927615376, 3625.94821110577
370, 59.517752200000004, 213176320.0, 0, 0, 5117.732986079307, 5103.95716523318
371, 89.57933320000001, 322781184.0, 0, 0, 4870.34584589782, 4865.26822025394
372, 87.7416294, 322453504.0, 0, 0, 4047.3333833924357, 4030.3325884775995
373, 86.252758, 322551808.0, 0, 0, 4414.31992739757, 4395.46804267541
374, 80.7967751, 322764800.0, 0, 0, 3788.0435377916, 3769.0933308331696
375, 87.3852021, 213032960.0, 0, 0, 4872.477578167939, 4866.79693823778
376, 85.6390279, 322756608.0, 0, 0, 3852.6013124684346, 3833.73539792481
377, 103.69414040000001, 213237760.0, 0, 0, 5975.37338573815, 5971.3728248683
378, 88.3030503, 322580480.0, 0, 0, 3950.4971030064253, 3934.3848502216697
379, 75.48379800000001, 212873216.0, 0, 0, 4331.167852282222, 4311.73157441463
380, 104.7758226, 322785280.0, 0, 0, 5450.98566048978, 5441.94596512887
381, 82.48283280000001, 322822144.0, 0, 0, 4009.17321096857, 3993.9149611744197
382, 82.7307246, 322461696.0, 0, 0, 4037.65681806997, 4022.9260361053402
383, 88.68605009999999, 322691072.0, 0, 0, 5254.316090678731, 5238.1302800785
384, 80.0212773, 322801664.0, 0, 0, 4322.95679715929, 4313.94644404197
385, 94.42280439999999, 322482176.0, 0, 0, 5175.63389652389, 5160.5582662826
386, 91.5709245, 322441216.0, 0, 0, 5190.3585589955055, 5176.3004260825
387, 87.6719846, 322629632.0, 0, 0, 4205.238387239049, 4191.33320355519
388, 104.0890483, 322433024.0, 0, 0, 4420.03124011381, 4410.86941625293
389, 96.5499106, 321843200.0, 0, 0, 4684.739208560784, 4667.6533311555695
390, 94.5389847, 322113536.0, 0, 0, 5453.59272286164, 5434.0595231955995
391, 85.9600406, 322105344.0, 0, 0, 4325.25631524157, 4315.040924432749
392, 101.9869151, 321900544.0, 0, 0, 4663.31852276874, 4646.22942169578
393, 89.2186097, 322064384.0, 0, 0, 4336.988987008801, 4318.19762302899
394, 104.4211616, 322125824.0, 0, 0, 5266.420343777234, 5245.65135708186
395, 96.8439893, 322146304.0, 0, 0, 5568.37552691785, 5559.24697540314
396, 92.761173, 322113536.0, 0, 0, 4854.90621116183, 4845.88476049669
397, 90.44344430000001, 321855488.0, 0, 0, 5639.1537845272105, 5623.86889041576
398, 85.3652351, 321916928.0, 0, 0, 5041.21177335548, 5026.19030459075
399, 92.1357983, 321933312.0, 0, 0, 4596.59698444978, 4580.60570686977
400, 94.60429880000001, 322084864.0, 0, 0, 5061.1112375074, 5050.216551076021
401, 97.2191142, 322125824.0, 0, 0, 5168.0622882381995, 5151.71732284354
402, 93.35197829999998, 322056192.0, 0, 0, 5660.21240996652, 5648.07459869283
403, 95.5467295, 322080768.0, 0, 0, 4549.3140243525895, 4529.950916449279
404, 92.652249, 322256896.0, 0, 0, 5415.48219287117, 5397.41671857682
405, 91.7184799, 321892352.0, 0, 0, 4562.18512890543, 4552.91752241847
406, 87.9973588, 321904640.0, 0, 0, 4579.00006016952, 4558.365164312871
407, 104.9186152, 321933312.0, 0, 0, 6080.94066197466, 6063.83500097669
408, 203.43137059999998, 524673024.0, 0, 0, 14904.085669552634, 14878.80524015487
409, 220.8671831, 722214912.0, 0, 0, 13422.090126423169, 13410.12436094463
410, 220.9645809, 722014208.0, 0, 0, 13933.32620758083, 13912.288136217601
411, 226.9863016, 722046976.0, 0, 0, 12222.880140169422, 12199.994306180668
412, 222.4880905, 722227200.0, 0, 0, 13940.43580571084, 13915.36852543318
413, 208.6845311, 722079744.0, 0, 2.0184698721626, 12689.25080819223, 12662.99195702946
414, 222.557107, 721870848.0, 0, 0, 14203.016025132889, 14206.03419557982
415, 212.58905750000002, 721874944.0, 0, 0, 11442.482441402768, 11421.357960646259
416, 218.3673945, 722239488.0, 0, 0, 14157.484350001658, 14127.63603973827
417, 228.0332226, 722214912.0, 0, 0, 13989.00498466582, 13960.33249145636
418, 206.96379620000002, 722161664.0, 0, 0, 14093.607764660574, 14049.127779918032
419, 119.35120400000001, 722145280.0, 0, 0, 4727.737155835202, 4693.7463673936845
420, 98.5142386, 322674688.0, 0, 0, 5486.491461054138, 5468.49281444445
421, 95.87062519999999, 322633728.0, 0, 0, 5134.8581915572695, 5116.84113145251
422, 99.205207, 322301952.0, 0, 0, 4762.27137349632, 4748.26791507043
423, 104.6099595, 322310144.0, 0, 0, 5563.4790865879, 5547.44804009035
424, 99.7316716, 322076672.0, 0, 0, 4770.0847494114005, 4754.99909865946
425, 96.4354144, 322084864.0, 0, 0, 5554.44248953314, 5546.56724151072
426, 103.14507599999999, 322080768.0, 0, 0, 5984.53476858697, 5965.71013078798
427, 101.89762280000001, 322199552.0, 0, 0, 4805.90303259957, 4788.46264847602
428, 95.33055060000001, 322248704.0, 0, 0, 4806.16019924952, 4788.929999865921
429, 92.54090529999999, 322318336.0, 0, 0, 4778.68138503938, 4764.660676919691
430, 100.30307479999999, 322318336.0, 0, 0, 4781.839821593199, 4764.60255036556
431, 98.210563, 322187264.0, 0, 0, 5314.18668953882, 5306.14701347216
432, 92.115206, 322150400.0, 0, 0, 4771.49655694847, 4765.59758907475
433, 102.5942771, 322125824.0, 0, 0, 5905.833052180909, 5895.87795981497
434, 94.46720189999999, 322232320.0, 0, 0, 5049.206543721501, 5040.05239885876
435, 91.78146190000001, 322166784.0, 0, 0, 4783.18109975808, 4767.9451220669
436, 91.8806418, 322019328.0, 0, 0, 5143.529269521649, 5130.44584851964
437, 97.4715131, 321589248.0, 0, 0, 5603.326360568381, 5594.23152151852
438, 105.609741, 321515520.0, 0, 0, 6051.274273428945, 6041.476097247059
439, 215.6409598, 524308480.0, 0, 0, 15037.88173938826, 15012.487725217281
440, 218.93744730000003, 721555456.0, 0, 0, 13745.15941686371, 13719.41122335484
441, 225.32926890000002, 721772544.0, 0, 0, 14027.475256971458, 14001.79615157147
442, 210.1444792, 721739776.0, 0, 0, 13956.114649325402, 13937.35881514649
443, 210.567252, 721833984.0, 0, 0, 14124.49362569301, 14091.74083276231
444, 175.3966205, 721899520.0, 0, 0, 9291.35819535877, 9275.10023287048
445, 120.8775353, 721727488.0, 0, 0, 5637.979952753363, 5615.367485783304
446, 101.1228504, 322387968.0, 0, 0, 5927.2762420973395, 5918.2544709608
447, 90.6299968, 322404352.0, 0, 0.99453323863298, 4735.83962438702, 4726.78093841063
448, 109.65137430000001, 322457600.0, 0, 0, 5248.46482853843, 5230.94360221937
449, 89.3850284, 322330624.0, 0, 0, 4682.63560156454, 4664.82696443043
450, 88.337647, 322502656.0, 0, 0, 5261.61342076479, 5244.49093625017
451, 90.9882643, 322281472.0, 0, 0, 4658.652673362866, 4640.63069978875
452, 93.576883, 322408448.0, 0, 0, 4713.49334709759, 4702.51371817471
453, 93.47181520000001, 322609152.0, 0, 0, 5472.604072294971, 5456.44762977962
454, 93.0593307, 322371584.0, 0, 0, 4569.62450140108, 4551.9317982095
455, 101.9943799, 322400256.0, 0, 0, 5272.26602160752, 5258.48806545086
456, 101.50589020000001, 322457600.0, 0, 0, 5506.59875875704, 5488.95182856646
457, 91.8922912, 322134016.0, 0, 0, 4773.933059885209, 4758.87609410176
458, 87.8831278, 322277376.0, 0, 0, 4521.94456895652, 4511.9298516832305
459, 95.8222569, 322437120.0, 0, 0, 4475.52894622274, 4456.93253121142
460, 102.5339611, 322437120.0, 0, 0, 5654.920156439261, 5637.33077703484
461, 93.3238206, 322412544.0, 0, 0, 4868.822202977505, 4853.44047233123
462, 93.37701200000001, 322256896.0, 0, 0, 4938.73189314683, 4926.90136405158
463, 89.6198744, 322088960.0, 0, 0, 4961.1834481742, 4951.23547397865
464, 105.3264468, 322166784.0, 0, 0, 6295.47281834939, 6280.60488076527
465, 100.0141828, 524730368.0, 0, 0, 4336.842400795061, 4320.554376068384
466, 97.7356139, 322134016.0, 0, 0, 4945.79340576907, 4933.85638609693
467, 95.2988222, 322076672.0, 0, 0, 5393.754748211455, 5381.82223983347
468, 86.5200684, 321814528.0, 0, 0, 4408.01026271423, 4391.82314601503
469, 93.97475510000001, 321843200.0, 0, 0, 5368.8449475836005, 5355.83702263107
470, 84.3602929, 322011136.0, 0, 0, 4166.67501818446, 4152.66013662702
471, 87.6361578, 321994752.0, 0, 0, 4944.46870096334, 4927.53571920884
472, 86.29689250000001, 322125824.0, 0, 0, 4083.87811916573, 4069.01687997221
473, 84.0818453, 322387968.0, 0, 0, 4221.59203226967, 4203.52222167721
474, 85.389452, 322125824.0, 0, 0, 4074.2428891114887, 4059.9871362246404
475, 79.7724107, 322138112.0, 0, 0, 4269.404695556784, 4253.9886227732295
476, 82.3456855, 322166784.0, 0, 0, 4019.42383569995, 4010.25172923037
477, 85.22591560000001, 322211840.0, 0, 0, 4009.5048592819703, 3993.6781486030195
478, 90.2352162, 322162688.0, 0, 0, 4304.5281073671395, 4289.3857461563
479, 84.1624946, 322260992.0, 0, 0, 4243.950692700849, 4229.95093191403
480, 84.5294806, 322011136.0, 0, 0, 4183.13317930415, 4172.1981389332705
481, 88.3036808, 322064384.0, 0, 0, 5149.32308430608, 5133.80039525693
482, 81.69033160000001, 322256896.0, 0, 0, 3960.26698590495, 3946.40263600018
483, 86.7738691, 212713472.0, 0, 0, 5307.85404082711, 5299.67099220277
484, 89.7910337, 322109440.0, 0, 0, 4053.10068987883, 4042.9799848297303
485, 94.20882660000001, 322113536.0, 0, 0, 4996.02257306597, 4979.99052637907
486, 83.72370079999999, 322109440.0, 0, 0, 3925.7997894710034, 3907.4071519299596
487, 89.065602, 212553728.0, 0, 0, 3905.8186645577466, 3896.9908764257098
488, 69.1298166, 212586496.0, 0, 0, 3894.58532351713, 3885.61614512606
489, 75.482733, 212582400.0, 0, 0, 5081.343100680289, 5066.22285774163
490, 82.1413682, 322351104.0, 0, 0, 3889.417281162522, 3871.04138595183
491, 98.8226774, 212680704.0, 0, 0, 4062.83217282021, 4072.57959253465
492, 87.6750542, 322404352.0, 0, 0, 3885.8072319397397, 3873.79889768084
493, 74.5755985, 212496384.0, 0, 0, 5101.53437569269, 5092.62209325783
494, 85.69864580000001, 322256896.0, 0, 0, 3845.7510829065004, 3832.9968870003704
495, 75.4660366, 212377600.0, 0, 0, 4128.16742885773, 4127.21641501704
496, 94.3568113, 322269184.0, 0, 0, 4935.71342656805, 4922.524817437879
497, 78.9099749, 322244608.0, 0, 0, 3844.175856510934, 3822.36757442593
498, 56.2622066, 212701184.0, 0, 0, 5505.4765389647, 5501.51040169727
499, 81.5296302, 321912832.0, 0, 0, 3855.0680022821175, 3836.24446702381
500, 74.5288798, 212451328.0, 0, 0, 5029.88005544318, 5022.855280596559
501, 81.00256949999999, 322129920.0, 0, 0, 3837.5220610963897, 3822.57455754914
502, 69.83566809999999, 212529152.0, 0, 0, 4321.185366187701, 4307.72893724818
503, 82.84737559999999, 322031616.0, 0, 0, 4889.97224483156, 4872.80360497073
504, 87.795542, 322117632.0, 0, 0, 3894.98572662499, 3881.12204090232
505, 79.4937138, 212692992.0, 0, 0, 5592.719209162338, 5575.95316560746
506, 92.9920655, 321982464.0, 0, 0, 4657.7888189955, 4641.8849109723
507, 81.9460067, 321966080.0, 0, 0, 4775.68676903423, 4762.22032918541
508, 83.56121, 321994752.0, 0, 0, 3827.0405012235206, 3803.9980387880005
509, 82.0207757, 212488192.0, 0, 0, 4274.294133927802, 4262.39923291109
510, 82.094146, 322011136.0, 0, 0, 3816.99417776878, 3800.4125436681798
511, 61.5661922, 212623360.0, 0, 0, 4152.700272446646, 4142.7225783453305
512, 88.29094380000001, 321904640.0, 0, 0, 3822.412954037097, 3808.4834079434195
513, 69.0545298, 212459520.0, 0, 0, 3985.9742744762098, 3974.98771489141
514, 73.6407858, 212525056.0, 0, 0, 3782.83818889295, 3770.74922461367
515, 64.67358899999999, 212557824.0, 0, 0, 3773.5221809650275, 3761.6829969598803
516, 70.5556701, 212733952.0, 0, 0, 3917.3478672535402, 3907.40536475909
517, 88.710321, 212533248.0, 0, 0, 5240.50289990509, 5229.48093998473
518, 82.5991918, 322002944.0, 0, 0, 4035.55680268459, 4020.6904329068598
519, 77.5968603, 322174976.0, 0, 0, 3732.2693391280504, 3716.75823994284
520, 68.0131802, 212602880.0, 0, 0, 3715.28805645728, 3705.49855388123
521, 70.9205901, 212635648.0, 0, 0, 4773.72484051104, 4764.84400271934
522, 80.0626989, 322207744.0, 0, 0, 3926.6808704058003, 3914.60207605452
523, 58.5782753, 212729856.0, 0, 0, 3663.4247363236173, 3655.4977969632173
524, 69.3522925, 212738048.0, 0, 0, 3844.8394048776, 3838.77339244257
525, 71.5739371, 212385792.0, 0, 0, 3637.6848753397, 3631.83339894606
526, 87.1160699, 212492288.0, 0, 0, 3888.8479821544597, 3875.95792781991
527, 64.69168830000001, 212496384.0, 0, 0, 3624.5008197463103, 3615.80691078342
528, 63.005804999999995, 212643840.0, 0, 0, 3606.4800405726, 3592.53239208183
529, 63.91534, 212840448.0, 0, 0, 3592.86186090132, 3584.6166255849603
530, 74.53258170000001, 212791296.0, 0, 0, 4760.455460985189, 4752.5112841705195
531, 76.7580902, 321986560.0, 0, 0, 3642.6757569899282, 3625.06652696714
532, 65.31071, 212447232.0, 0, 0, 3569.372017274726, 3557.20714370243
533, 60.65133, 212549632.0, 0, 0, 3556.503652250643, 3545.40230134307
534, 69.1251565, 212221952.0, 0, 0, 3557.47648126287, 3547.27720019359
535, 62.4647087, 212381696.0, 0, 0, 3632.75296085067, 3625.87078901217
536, 60.872063499999996, 212279296.0, 0, 0, 3539.080492684783, 3529.04352188653
537, 69.623745, 212221952.0, 0, 0, 3527.59396233115, 3517.6706949383497
538, 65.33183700000001, 212172800.0, 0, 0, 3649.75442508194, 3640.74525953797
539, 65.7168974, 212238336.0, 0, 0, 3920.97279044035, 3910.12251430942
540, 61.4675071, 212365312.0, 0, 0, 3637.93823539498, 3628.8910725117103
541, 63.2731325, 212373504.0, 0, 0, 3793.15840420141, 3780.96184113334
542, 70.45956340000001, 212557824.0, 0, 0, 3923.00490111273, 3908.5364621312
543, 70.0902063, 212520960.0, 0, 0, 3522.84187467399, 3512.50790736846
544, 60.996037, 212344832.0, 0, 0, 3519.2932784245313, 3509.22690808759
545, 69.898818, 212279296.0, 0, 0, 3530.3447398671947, 3520.07325334243
546, 66.4404375, 212389888.0, 0, 0, 3771.7447253609266, 3760.8178168712802
547, 69.22903969999999, 212525056.0, 0, 0, 4419.7595669477705, 4414.749651344209
548, 85.8747884, 321953792.0, 0, 0, 4122.08689269657, 4115.97724658508
549, 79.7728545, 321785856.0, 0, 0, 4118.4278540449395, 4101.1120054862395
550, 76.2112624, 322097152.0, 0, 0, 3584.7220033417016, 3567.4834940478104
551, 68.3435799, 212738048.0, 0, 0, 4347.389495454285, 4307.525414386129
552, 79.4248529, 322306048.0, 0, 0, 4185.645992766858, 4169.21176678338
553, 79.8971597, 322211840.0, 0, 0, 3594.40596937845, 3585.1949231445205
554, 89.39619490000001, 212541440.0, 0, 0, 5354.417150089108, 5340.27599284563
555, 79.3292779, 322347008.0, 0, 0, 3533.11092983897, 3522.6672292846697
556, 68.2943726, 212664320.0, 0, 0, 4245.99616644115, 4233.94527326413
557, 85.5533438, 322306048.0, 0, 0, 4694.51866540164, 4678.65595360724
558, 77.8571732, 322363392.0, 0, 0, 3529.25338004652, 3514.32837906191
559, 71.111626, 212484096.0, 0, 0, 4478.75178754572, 4472.70350363776
560, 78.8887545, 321986560.0, 0, 0, 4039.0305591778697, 4026.8035021915
561, 80.4265896, 322068480.0, 0, 0, 3662.4638769473504, 3642.4167146422496
562, 74.3239903, 212705280.0, 0, 0, 4291.32336338174, 4288.4530573311
563, 81.1140563, 322080768.0, 0, 0, 3745.4485912501295, 3732.44376105375
564, 91.8479933, 212779008.0, 0, 0, 4737.1254678615405, 4729.27432088929
565, 79.2823269, 322039808.0, 0, 0, 3708.18851578861, 3696.22064717338
566, 91.49222, 212570112.0, 0, 0, 5120.470308113099, 5111.339388831921
567, 78.5066477, 322080768.0, 0, 0, 4052.2494809296504, 4040.76739713827
568, 77.7113876, 322146304.0, 0, 0, 3443.46285498482, 3432.07695659496
569, 63.8549343, 212725760.0, 0, 0, 3437.35137420627, 3431.9671750667503
570, 66.9842091, 212631552.0, 0, 0, 3562.9514766742886, 3552.9884301786096
571, 60.4018935, 212729856.0, 0, 0, 4177.49783290183, 4166.49592672794
572, 89.2760355, 321929216.0, 0, 0, 4589.95622964401, 4586.94277834492
573, 81.5039958, 322023424.0, 0, 0.982437744195968, 4376.680535504015, 4360.99395920636
574, 70.7419471, 322293760.0, 0, 0, 3405.94755696401, 3390.14298446885
575, 94.1772953, 212738048.0, 0, 0, 4459.353283354851, 4449.91320879677
576, 79.350349, 322355200.0, 0, 0, 4337.839890219981, 4323.61998978822
577, 78.72296539999999, 322183168.0, 0, 0, 3475.6596620304726, 3457.5210046678594
578, 104.300828, 212512768.0, 0, 0, 6291.94981460921, 6286.13108724281
579, 94.8421055, 524869632.0, 0, 0, 4160.281531857694, 4148.756789603268
580, 74.9503752, 322269184.0, 0, 0, 3467.53500721693, 3452.3890308782097
581, 65.9838212, 212733952.0, 0, 0, 3344.068062642168, 3338.7828789714
582, 63.6502299, 212647936.0, 0, 0, 3335.35331703351, 3325.1876984566998
583, 67.95878160000001, 212488192.0, 0, 0, 3477.4142743658103, 3468.2905420769002
584, 60.7535246, 212242432.0, 0, 0, 3325.3773534025668, 3314.1909966021503
585, 69.0645519, 212180992.0, 0, 0, 4391.317939352505, 4382.193651870561
586, 73.4036836, 321953792.0, 0, 0, 3295.89622273927, 3283.8017947384196
587, 78.5356361, 212258816.0, 0, 0, 4480.018495343111, 4468.93941848295
588, 79.1236371, 321806336.0, 0, 1.00601761360761, 3294.7516595438774, 3280.3358768990583
589, 64.2242207, 212525056.0, 0, 0, 4604.2940396405, 4597.49515658292
590, 76.6672454, 321687552.0, 0, 0, 3301.87376432133, 3286.72288589521
591, 88.0893693, 212107264.0, 0, 0, 4477.74425638771, 4472.9732714683105
592, 90.390586, 321753088.0, 0, 0, 4258.932730498442, 4243.70078052688
593, 76.10977729999999, 321662976.0, 0, 0, 3423.10299091482, 3409.09514173198
594, 80.1727171, 212340736.0, 0, 0, 4492.9059739750155, 4478.97727628639
595, 79.7233691, 321798144.0, 0, 0, 3437.30141493894, 3420.52832177015
596, 78.7540699, 212721664.0, 0, 0, 4455.13213838935, 4444.77142157868
597, 76.6225265, 321720320.0, 0, 0, 3443.82244870471, 3434.76533514257
598, 74.54373079999999, 212463616.0, 0, 0, 4861.48583060898, 4850.034794263191
599, 74.25906450000001, 321949696.0, 0, 0, 3388.26723125582, 3378.3300797984903
600, 63.406658, 212701184.0, 0, 0, 3402.94694532628, 3391.59957613778
601, 63.7621284, 212717568.0, 0, 0, 3706.6424186567983, 3697.65817706795
602, 67.2306106, 212668416.0, 0, 0, 3494.94362079468, 3487.0074414279397
603, 60.431949, 212676608.0, 0, 0, 3442.94245095332, 3435.87707434072
604, 67.5860038, 212447232.0, 0, 0, 3467.5525234715897, 3459.48271781935
605, 58.4338456, 212512768.0, 0, 0, 3496.79569650445, 3486.7392473054597
606, 69.6171741, 212627456.0, 0, 0, 4184.71761618209, 4175.85373700612
607, 77.3805697, 322265088.0, 0, 0, 3592.72786868823, 3583.55450909897
608, 70.49404849999999, 212795392.0, 0, 0, 3709.021902120735, 3696.0288726601
609, 71.8609129, 212692992.0, 0, 0, 3954.7022647100503, 3944.8231116993
610, 62.387753200000006, 212729856.0, 0, 0, 3672.94828138287, 3661.0237130712503
611, 65.6831334, 212000768.0, 0, 0, 3733.0720840559, 3723.12248424707
612, 69.9221924, 212213760.0, 0, 0, 3861.2130868612903, 3851.23849620744
613, 67.43151839999999, 212336640.0, 0, 0, 3787.37739017364, 3775.7628472198003
614, 74.17685850000001, 212361216.0, 0, 0, 5244.06826240109, 5234.07986409106
615, 81.9210775, 321986560.0, 0, 0, 3843.6611734933404, 3830.82573680758
616, 84.2295901, 212484096.0, 0, 0, 3910.37352666306, 3902.28184557714
617, 66.07371119999999, 212496384.0, 0, 0, 4092.580450821373, 4076.63607793111
618, 109.35827420000001, 321658880.0, 0, 0, 5306.1589813383, 5296.04497933424
619, 81.3148055, 321777664.0, 0, 0, 4054.9153821504638, 4036.9107716445296
620, 90.3123887, 321974272.0, 0, 0, 4105.3843455405395, 4090.06212665732
621, 91.0791712, 322002944.0, 0, 0, 4280.0928736143, 4270.04039621053
622, 82.3224492, 322097152.0, 0, 0, 4177.68377232988, 4165.16619447791
623, 88.98103459999999, 322093056.0, 0, 0, 4315.55184997843, 4304.43705526541
624, 91.965507, 321859584.0, 0, 0, 4417.77417482977, 4399.11760776963
625, 88.4432431, 321843200.0, 0, 0, 5411.83203666608, 5396.70687842292
626, 85.0766811, 321818624.0, 0, 0, 4339.154857723067, 4316.67896008753
627, 96.9407816, 321585152.0, 0, 0, 5171.37437186836, 5162.328635026
628, 91.3046341, 321548288.0, 0, 0, 4377.06103251623, 4360.90772054019
629, 101.5869514, 321728512.0, 0, 0, 6309.397936368019, 6296.12999007636
630, 115.63271, 524054528.0, 0, 0, 5133.305922615851, 5112.85060571537
631, 93.6621465, 321818624.0, 0, 0, 4980.67403452324, 4964.7609808139505
632, 98.3822943, 321851392.0, 0, 0, 5452.32311581378, 5438.35782079842
633, 94.6202373, 321286144.0, 0, 0, 5130.784819097113, 5112.28894739184
634, 100.7661043, 321388544.0, 0, 0, 5526.39677455569, 5510.27307434336
635, 102.9213702, 321605632.0, 0, 0, 4561.8415336593, 4550.76926906691
636, 93.0482275, 321515520.0, 0, 0, 4593.895370955637, 4580.422073337157
637, 99.9264692, 321495040.0, 0, 0, 5491.035998300989, 5481.022902315351
638, 97.2228059, 321642496.0, 0, 0, 4622.77074697633, 4609.08898355847
639, 89.164732, 321241088.0, 0, 0, 5837.22330258045, 5825.4274314061895
640, 96.70833569999999, 321208320.0, 0, 0, 5712.683833186243, 5693.81028137332
641, 93.8118651, 321441792.0, 0, 0, 5318.769609521131, 5308.56871802
642, 90.0117029, 321613824.0, 0, 0, 5020.17014792664, 5007.37089269971
643, 97.0361254, 321306624.0, 0, 0, 5295.524869521359, 5280.658182621661
644, 94.038242, 321581056.0, 0, 0, 4711.03811771689, 4697.11986580354
645, 122.99630029999999, 321380352.0, 239.79177753989, 0, 5735.58647976227, 5722.3913384581
646, 91.37920199999999, 306774016.0, 0, 33.1093124415148, 4691.334437517498, 4672.79121176907
647, 93.4313963, 306839552.0, 0, 0, 4744.056272175744, 4724.63486141957
648, 94.11781429999999, 306982912.0, 0, 0, 5622.84524121225, 5607.719093645221
649, 100.3785901, 306855936.0, 0, 0, 4693.185301787771, 4674.20972825913
650, 102.9091871, 306917376.0, 0, 0, 5887.81727914652, 5870.19487921345
651, 97.6858725, 292642816.0, 307.81021316917, 0, 5770.565022906159, 5756.81426920013
652, 99.9530926, 291528704.0, 0, 0, 4732.0326785567795, 4719.74172147333
653, 108.9083828, 291512320.0, 0, 0, 5916.024983724245, 5899.07373201522
654, 100.4757237, 291540992.0, 0, 0, 5903.91989632525, 5890.75152284019
655, 98.6176581, 291393536.0, 0, 0, 5732.0577477078805, 5711.94992756247
656, 95.27029429999999, 291561472.0, 0, 0, 4720.002375999549, 4708.893885172571
657, 93.8683557, 291565568.0, 0, 2.01216322059986, 5197.45345327405, 5186.78850867384
658, 98.5691439, 291364864.0, 0, 0, 5743.4743235407095, 5729.241231113479
659, 103.8063785, 291401728.0, 0, 0, 5898.04996532027, 5885.17896100228
660, 91.9759334, 291500032.0, 0, 0, 4663.261127702293, 4648.1602394323
661, 84.2223761, 291373056.0, 0, 0, 4670.39987975245, 4654.06055069761
662, 90.5775122, 291348480.0, 0, 0, 4682.169917544651, 4667.85895696447
663, 89.8839024, 291639296.0, 0, 0, 4678.430750420586, 4660.46324671452
664, 96.81461150000001, 291516416.0, 0, 0, 5365.43239035954, 5350.34403458461
665, 89.4029091, 291655680.0, 0, 0, 4701.04375270598, 4689.127195413141
666, 90.7687678, 291528704.0, 0, 0, 4691.17257148476, 4677.645704358009
667, 100.9690207, 291356672.0, 0, 0, 5371.5265921071095, 5357.74808542556
668, 95.115177, 291405824.0, 0, 0, 4713.656470309053, 4694.5969057518005
669, 99.2050456, 291631104.0, 0, 0, 5298.54199201833, 5283.70570139293
670, 100.3823478, 291614720.0, 0, 0, 5895.45831600387, 5884.58474910049
671, 86.3675543, 291708928.0, 0, 0, 4788.53737723682, 4773.74289167368
672, 92.3569201, 291676160.0, 0, 0, 4987.88643422714, 4975.0760184873
673, 96.50086809999999, 291471360.0, 0, 0, 4750.73113809891, 4735.76672400364
674, 96.4608331, 291545088.0, 0, 0, 4741.28497711658, 4728.067300761119
675, 101.61289529999999, 291774464.0, 0, 0, 5956.01782603798, 5941.814843491909
676, 99.4143982, 291504128.0, 0, 0, 4901.9051023929205, 4892.99077664388
677, 99.45117259999999, 291667968.0, 0, 0, 5458.08358682161, 5442.334708599989
678, 101.636147, 291536896.0, 0, 0, 6074.65456752781, 6062.38693543492
679, 192.4107101, 494100480.0, 0, 0, 12722.61267442563, 12707.78685575287
680, 116.18773069999999, 691138560.0, 0, 0, 4826.043640538328, 4802.4449526794415
681, 109.54501389999999, 291848192.0, 0, 0, 5434.125848546646, 5415.64226683346
682, 100.5172351, 291409920.0, 0, 0, 6013.00922185089, 6005.97452543191
683, 122.05071509999999, 493899776.0, 0, 0, 6503.247707020169, 6488.54327425295
684, 113.39605609999998, 493842432.0, 0, 0, 4988.451239100398, 4966.97103295202
685, 109.0383296, 291532800.0, 0, 0, 5817.637462511488, 5804.60502269743
686, 100.4615153, 291561472.0, 0, 0, 5304.03142703484, 5292.96385275792
687, 105.655692, 291414016.0, 0, 0, 5991.67180651984, 5975.864942474051
688, 98.2898135, 291459072.0, 0, 0, 4783.076419151041, 4776.91413107314
689, 101.1904164, 291581952.0, 0, 0, 5321.26376934337, 5306.43816191936
690, 103.63550090000001, 291323904.0, 0, 0, 5960.45396800597, 5946.482850685919
691, 93.3201998, 291540992.0, 0, 0, 4757.611878286269, 4741.72518884672
692, 99.0666139, 291561472.0, 0, 0, 4813.391018416371, 4802.73339265265
693, 90.083792, 291332096.0, 0, 0, 4760.48403976513, 4749.3590645133
694, 103.5867884, 291360768.0, 0, 0, 5903.79579110287, 5887.77986299916
695, 94.284493, 291422208.0, 0, 0, 4718.254340109859, 4703.08642889577
696, 91.5408994, 291364864.0, 0, 0, 4704.609051476474, 4686.55283156796
697, 93.9513096, 291307520.0, 0, 0, 4696.77824874162, 4684.78162135019
698, 90.463466, 291377152.0, 0, 0, 4792.05241251283, 4779.63247210495
699, 98.3360488, 291315712.0, 0, 0, 5825.4346461975, 5813.4097421343595
700, 107.34368079999999, 291311616.0, 0, 0, 5749.23660082493, 5735.18949322601
701, 97.5264279, 291401728.0, 0, 0, 4738.84153353986, 4723.47573133914
702, 104.121735, 291397632.0, 0, 0, 5790.6540954251695, 5781.40950912096
703, 97.93262010000001, 291573760.0, 0, 0, 4596.246058242212, 4579.8151936962
704, 88.69467470000001, 291336192.0, 0, 0, 5487.45238417023, 5475.49711301078
705, 91.6872168, 291307520.0, 0, 0, 4570.16278199047, 4553.26889260704
706, 99.8900293, 291471360.0, 0, 0, 5804.03200428329, 5789.37290869895
707, 92.2007828, 291553280.0, 0, 0, 5667.73822208869, 5655.776778773879
708, 106.39634219999999, 291614720.0, 0, 0, 4712.92392641028, 4698.10320410986
709, 90.1884806, 291581952.0, 0, 0, 5203.32931465414, 5191.86123338727
710, 88.3733393, 291688448.0, 0, 0, 4593.11539964271, 4577.80852177271
711, 91.0194009, 291577856.0, 0, 0, 4554.84877847683, 4543.063705950561
712, 94.0940934, 291454976.0, 0, 1.99583807111104, 4912.43226310544, 4899.7842075874205
713, 94.60042709999999, 291393536.0, 0, 0, 5418.32410320835, 5407.08282149586
714, 97.272169, 291475456.0, 0, 0, 5751.5191656916795, 5743.52691077165
715, 120.13297639999999, 291635200.0, 0, 0, 7182.558248325251, 7173.5324071539
716, 104.0523391, 493948928.0, 0, 0, 5332.78114934028, 5313.753693777609
717, 91.59082219999999, 291610624.0, 0, 0, 4916.14971077052, 4900.58217457855
718, 98.65757880000001, 291680256.0, 0, 0, 4676.696584383326, 4658.02156261928
719, 95.01506979999999, 291450880.0, 0, 0, 4559.09991074212, 4547.24500766525
720, 99.65906989999999, 291430400.0, 256.943591338294, 0, 4657.44027692278, 4642.4905303163605
721, 94.85092309999999, 277176320.0, 0, 0, 5245.71222391672, 5233.91278708999
722, 103.4523101, 277245952.0, 0, 0, 5949.234866850686, 5936.5570745674395
723, 94.3337636, 277102592.0, 0, 0, 4853.8487338076, 4843.97059292703
724, 97.4877492, 277213184.0, 0, 0, 5403.44601508325, 5389.64425542895
725, 90.8859272, 277020672.0, 0, 0, 4555.26300729869, 4542.27630317322
726, 102.03539380000001, 277012480.0, 0, 0, 5688.829202701771, 5676.92788886191
727, 89.4609293, 277123072.0, 0, 0, 5382.88541500293, 5365.95188736825
728, 97.9167552, 277155840.0, 0, 0, 5636.96521365022, 5621.83102541676
729, 89.4272919, 277209088.0, 0, 0, 4609.435514028451, 4602.12659565527
730, 94.43657809999999, 277266432.0, 0, 0, 5493.010182655349, 5479.11771873302
731, 99.3204551, 276602880.0, 0, 0, 5596.06144229022, 5585.10620186421
732, 84.0891754, 276701184.0, 0, 0, 4479.69744031423, 4466.77949902551
733, 93.5947537, 276897792.0, 0, 0, 5200.87617412059, 5188.90398898534
734, 91.7652663, 277008384.0, 0, 0, 4442.2879498905, 4429.34842279805
735, 84.8069586, 277049344.0, 0, 0, 4497.861203596448, 4481.38900484653
736, 89.530284, 276865024.0, 0, 0, 4284.27963834745, 4271.40797310784
737, 104.4874509, 276934656.0, 0, 0, 4945.89612302782, 4933.25928486597
738, 85.67197239999999, 276889600.0, 0, 0, 4464.59280514678, 4450.62832785856
739, 95.22466320000001, 276992000.0, 0, 0, 4457.62827444485, 4445.79521612333
740, 89.5259061, 277135360.0, 0, 2.01987615217776, 4341.9032083906295, 4326.60001128201
741, 93.4888845, 277041152.0, 0, 0, 4481.2119350481, 4467.99519187312
742, 88.520966, 276955136.0, 0, 0, 4185.712029828298, 4167.9633613713795
743, 96.9117853, 277069824.0, 0, 0, 5340.189769112643, 5326.65796742183
744, 90.28427909999999, 276860928.0, 0, 0, 4669.8170178178, 4652.98696118947
745, 98.05592440000001, 276971520.0, 0, 0, 5514.63924132929, 5500.57923465321
746, 95.1360437, 277082112.0, 0, 0, 5276.154718503152, 5263.1468558261895
747, 84.0381233, 277073920.0, 0, 0, 4266.12816088155, 4255.13261481819
748, 82.5958715, 277262336.0, 0, 0, 4128.938011018184, 4110.93417042318
749, 81.4975153, 277274624.0, 0, 0.994149214877375, 4277.00186275437, 4266.19295418598
750, 85.5637031, 276979712.0, 0, 0, 4091.63778999043, 4073.40014957785
751, 93.00593810000001, 277041152.0, 0, 0, 4071.93194420568, 4060.90762370237
752, 84.026721, 277143552.0, 0, 0, 4336.63388827878, 4319.67481506903
753, 86.03789599999999, 277172224.0, 0, 0, 4050.7688289367898, 4034.28953384118
754, 87.66951159999999, 277217280.0, 0, 0, 4159.61340301503, 4148.76204241361
755, 82.7455489, 277270528.0, 0, 0, 5198.39558523065, 5185.35246667765
756, 82.12424800000001, 277151744.0, 0, 0, 4003.1982106366263, 3991.46917518182
757, 81.9764504, 277164032.0, 0, 0, 4001.3595534382093, 3983.05666531073
758, 89.89398299999999, 277299200.0, 0, 0, 5342.33632294276, 5335.33655364798
759, 84.3833291, 277581824.0, 0, 0, 3992.83867030485, 3979.5563985749304
760, 72.2874253, 182706176.0, 0, 0, 4539.993689239271, 4532.756906569681
761, 75.93507220000001, 277557248.0, 0, 0, 4069.77709637418, 4052.4847589945302
762, 89.5009961, 277225472.0, 0, 0, 4506.901888243217, 4492.95817396103
763, 85.8608897, 277323776.0, 0, 0, 5039.18692305016, 5026.52336025376
764, 84.5063872, 277520384.0, 0, 0, 3971.3933381418, 3953.52206286558
765, 76.0361121, 182644736.0, 0, 0, 3961.3726141075285, 3950.34679777543
766, 59.7823954, 182693888.0, 0, 0, 3948.65198984587, 3941.58079621168
767, 61.3879122, 182599680.0, 0, 0, 4137.60225397589, 4129.3580172210295
768, 85.51245329999999, 277504000.0, 0, 0, 4208.564502804729, 4192.79113660411
769, 86.93609430000001, 277467136.0, 0, 0, 3945.6848846882503, 3931.17677693252
770, 83.2722608, 182644736.0, 0, 0, 4195.60028355782, 4193.67512374326
771, 84.4699967, 277483520.0, 0, 0, 3938.7104325621603, 3925.5912462794504
772, 74.3645731, 182702080.0, 0, 0, 4951.617113102629, 4932.42027319509
773, 96.0293958, 277630976.0, 0, 0, 6844.2680249981895, 6837.25416367817
774, 101.3087594, 480206848.0, 0, 0, 4595.5211290349, 4576.1688929146
775, 82.5816485, 277753856.0, 0, 0, 4564.030462429399, 4547.93372102417
776, 90.37345350000001, 277753856.0, 0, 0, 4807.18570066607, 4787.18887463166
777, 84.5259258, 277540864.0, 0, 0, 3931.4071267499176, 3911.1816806912802
778, 96.3904024, 182775808.0, 0, 0, 5464.651448310249, 5456.767408134439
779, 88.10101069999999, 277745664.0, 0, 0, 4081.4942231869254, 4064.49993291941
780, 85.8004463, 277323776.0, 0, 20.92298458339842, 4462.648522306008, 4444.96295438797
781, 85.8332715, 277311488.0, 0, 0, 3926.3008539879993, 3915.2551620838403
782, 89.8390632, 182476800.0, 0, 0, 4902.605114090711, 4896.11153203
783, 84.91771539999999, 277020672.0, 0, 0, 3917.11723423519, 3900.30664654045
784, 84.1993893, 182280192.0, 0, 0, 4499.12735703006, 4489.22628367252
785, 88.72192609999999, 277200896.0, 0, 0, 4616.72601425215, 4601.57954934141
786, 92.58979210000001, 277229568.0, 0, 0, 4230.16590055656, 4218.32204626294
787, 84.3823628, 277086208.0, 0, 0, 3938.4374377288, 3925.3820820254305
788, 88.41341059999999, 182632448.0, 0, 0, 5334.49110712699, 5325.38729030435
789, 89.0679631, 276922368.0, 0, 0, 4040.6943633804003, 4027.66978513221
790, 77.1854617, 276963328.0, 0, 0, 3921.9359817046197, 3904.7404852730597
791, 68.825428, 182272000.0, 0, 0, 4421.895077643197, 4408.8446165348505
792, 84.4522407, 277307392.0, 0, 0, 3931.5035872644103, 3917.31400628382
793, 89.8757209, 182362112.0, 0, 0, 5289.71713920464, 5283.10797673349
794, 84.48009880000001, 277200896.0, 0, 0, 4175.14313317401, 4161.1760726169705
795, 83.080644, 277430272.0, 0, 0, 5104.484557738941, 5094.38683099941
796, 86.8900613, 277196800.0, 0, 2.01139413861423, 3941.7198816976697, 3930.46216594044
797, 97.6788111, 182398976.0, 0, 0, 5521.99550543211, 5513.17165301702
798, 81.9007273, 277491712.0, 0, 0, 3954.10760761285, 3937.9020367275098
799, 60.5523473, 182575104.0, 0, 0, 3943.79734327772, 3934.73115602765
800, 68.6845495, 182587392.0, 0, 0, 3946.939088391675, 3936.86026303663
801, 68.96405250000001, 182620160.0, 0, 0, 4394.43735506983, 4385.34956028695
802, 83.8307355, 277393408.0, 0, 0, 4060.61670440061, 4048.71527363277
803, 92.8086229, 277311488.0, 0, 0, 4860.989560513242, 4845.13950434647
804, 84.1329039, 277360640.0, 0, 0, 4233.058450868393, 4215.02815488679
805, 83.2283559, 277483520.0, 0, 0, 4122.41713946094, 4108.27514694354
806, 89.3101452, 277319680.0, 0, 0, 3892.58576042196, 3875.60622385462
807, 80.1230216, 182628352.0, 0, 0, 5478.89222245097, 5463.53962714344
808, 97.25732450000001, 277430272.0, 0, 0, 5030.69457781327, 5011.47929099435
809, 101.58271959999999, 277270528.0, 0, 0, 5547.41045363959, 5545.44974006514
810, 83.332244, 277426176.0, 0, 0, 3855.50603252776, 3838.5813560894403
811, 93.6955715, 182480896.0, 0, 0, 4870.55541702431, 4868.60165468141
812, 87.24037129999999, 277274624.0, 0, 0, 3980.4586659403303, 3968.47544054604
813, 75.201128, 182648832.0, 0, 0, 3982.7539570071604, 3962.59865811298
814, 71.7688086, 182325248.0, 0, 0, 4872.74814440752, 4857.777951594529
815, 81.1644219, 277442560.0, 0, 0, 4010.1877727626, 3993.48225729921
816, 77.2715343, 277360640.0, 0, 0, 4265.3007465480605, 4252.15801719198
817, 84.1900165, 277360640.0, 0, 0, 3774.8632995748203, 3765.76970894651
818, 84.467622, 182636544.0, 0, 0, 3969.5788389114055, 3948.38820796908
819, 69.8917377, 182648832.0, 0, 0, 4051.3796733625804, 4046.41607505293
820, 78.1930794, 277393408.0, 0, 0, 3937.3792192009096, 3925.22906855963
821, 97.3589722, 182472704.0, 0, 0, 5374.96455141275, 5373.95860334057
822, 86.2723344, 277483520.0, 0, 0, 3710.99372489077, 3693.63885202229
823, 90.0770479, 182652928.0, 0, 0, 5195.24345214133, 5188.52656945369
824, 85.6265707, 277426176.0, 0, 0, 3711.9630036789167, 3694.59834783645
825, 73.2279259, 182738944.0, 0, 0, 4352.252222232356, 4329.957886381229
826, 82.7844556, 277512192.0, 0, 0, 5526.851321394681, 5511.22824608444
827, 90.84722550000001, 277319680.0, 0, 0, 4695.802909607117, 4679.52217859851
828, 82.3338019, 277438464.0, 0, 0, 3948.6672920212695, 3935.8598333685495
829, 66.37874049999999, 182484992.0, 0, 2.09128930936733, 3704.79279718373, 3693.94260376612
830, 70.20571659999999, 182460416.0, 0, 0, 3964.2742931146922, 3955.99835774052
831, 64.24192529999999, 182472704.0, 0, 0, 3718.0773497020937, 3704.2884989101904
832, 71.20571290000001, 182116352.0, 0, 0, 3714.83087017284, 3708.8520258219596
833, 88.7890463, 182185984.0, 0, 0, 5213.7923946259, 5204.82027257016
834, 144.4505025, 284053504.0, 20.8967076293816, 133.340896301768, 3954.300671592772, 3932.7582162531344
835, 67.0407726, 189362176.0, 0, 0, 3761.9444800936, 3750.84369218135
836, 83.8963667, 189284352.0, 0, 0, 5205.661440953791, 5199.56906028913
837, 82.39228170000001, 283987968.0, 0, 0, 3818.4193673178297, 3801.0355858576404
838, 75.17941239999999, 189255680.0, 0, 0, 3855.1678631658815, 3847.15528712422
839, 78.2180259, 189349888.0, 0, 0, 4026.5724648206597, 4020.56566504115
840, 87.22673, 284274688.0, 0, 0, 3873.71727999101, 3858.95155837153
841, 66.11697960000001, 189435904.0, 0, 0, 3898.01975665018, 3889.16511788864
842, 68.16591460000001, 189472768.0, 0, 0, 3913.16905678922, 3905.14177436035
843, 70.0525988, 189394944.0, 0, 0, 4726.069727925849, 4721.10653541626
844, 85.7701822, 284274688.0, 0, 0, 4037.93722191018, 4026.83012062462
845, 83.3860434, 284319744.0, 0, 0, 4019.39282894578, 4003.32000323202
846, 85.9125473, 284327936.0, 0, 0, 4046.37386938907, 4031.1881139238203
847, 93.9932641, 284553216.0, 0, 0, 5245.29823211638, 5237.37297326887
848, 85.55675719999999, 284446720.0, 0, 0, 4660.74764676263, 4649.63914052042
849, 89.19184580000001, 284405760.0, 0, 0, 4133.8940950633805, 4122.6825832336
850, 89.17612650000001, 284389376.0, 0, 0, 4571.356761240881, 4562.59016742322
851, 101.3219754, 284463104.0, 0, 0, 5629.67283913359, 5614.520454370419
852, 99.71247890000001, 284254208.0, 0, 0, 4805.26923057974, 4794.36327607641
853, 96.9804029, 284323840.0, 0, 1.99648252150193, 5458.17752356515, 5444.24302648388
854, 89.8422488, 284356608.0, 0, 0, 4448.913068661959, 4433.7943515174
855, 93.42837360000001, 284368896.0, 0, 0, 4888.096938869126, 4875.07451833338
856, 96.0381924, 284450816.0, 0, 0, 5195.0066140647505, 5182.86721496014
857, 93.720364, 284434432.0, 0, 0, 4457.53647721533, 4441.36766826693
858, 97.1539425, 284418048.0, 0, 0, 5414.81476847054, 5406.789031221189
859, 95.6530442, 284323840.0, 0, 0, 4877.117285383099, 4864.31121155001
860, 103.38636309999998, 284286976.0, 0, 0, 4678.13542045, 4665.38661080992
861, 97.149269, 284286976.0, 0, 0, 5651.50984397669, 5639.41888792607
862, 87.8030413, 284209152.0, 0, 0, 4603.57303217759, 4592.29758833003
863, 96.7888144, 284069888.0, 0, 0, 5459.16376951652, 5449.010924156501
864, 95.91737330000001, 284479488.0, 0, 0, 4909.3714943655295, 4886.89696644488
865, 97.1339397, 284418048.0, 0, 0, 4740.897281832869, 4729.7879795361005
866, 99.8267798, 284286976.0, 0, 0, 5559.071106713689, 5543.04013440077
867, 99.8880374, 284188672.0, 0, 0, 4745.08764221554, 4732.9544383476195
868, 97.8357606, 284246016.0, 0, 0, 5296.47894526541, 5285.37108049434
869, 101.6107124, 284188672.0, 0, 0, 6181.485517772569, 6168.29907592364
870, 114.60083409999999, 486567936.0, 0, 0, 5940.320267204262, 5916.0945236974
871, 95.8096851, 284475392.0, 0, 0, 5875.594173863939, 5862.75456882713
872, 90.813362, 284237824.0, 0, 0, 4770.80803076156, 4752.72925248754
873, 99.2594343, 284114944.0, 0, 0, 4782.725597513712, 4761.532527363901
874, 101.6453841, 284131328.0, 0, 0, 5819.23803205607, 5806.06321877893
875, 95.8625828, 284000256.0, 0, 0, 4812.86752499835, 4799.727847879691
876, 158.076611, 297652224.0, 156.399941988706, 86.7220883757124, 5395.993629339123, 5382.887119088772