0,80.3606903, 144936960.0, 0, 0, 3392.23723341238, 3358.9730431071202
1,75.6902891, 144859136.0, 0, 0, 3284.9302717760243, 3268.079243241884
2,74.6014658, 144420864.0, 0, 0, 3131.4471055794247, 3113.1990354094337
3,74.4819677, 144064512.0, 0, 0, 3178.1381018277175, 3159.31501989766
4,76.7965815, 143245312.0, 0, 0, 3393.659288296575, 3381.755175877227
5,77.6706083, 142553088.0, 0, 0, 3400.0725680329797, 3384.81225090779
6,73.7485087, 142290944.0, 0, 0, 3940.72626615009, 3926.61237108355
7,74.328748, 142315520.0, 0, 0, 3450.66019769153, 3439.59440467569
8,73.8679784, 142491648.0, 0, 0, 3277.899029422585, 3265.097823763045
9,71.2744555, 142413824.0, 0, 0, 3169.0013298169997, 3150.8234906586404
10,100.22117460000001, 142221312.0, 0, 0, 4274.27216856793, 4262.19208299363
11,92.68791970000001, 142417920.0, 0, 0, 3752.6814954495603, 3741.64390635606
12,76.57044339999999, 142290944.0, 0, 0, 3417.68546657539, 3403.72743438427
13,75.6918917, 142196736.0, 0, 0, 3238.9606465867373, 3225.3787855094797
14,67.2864147, 142303232.0, 0, 0, 3243.88563990354, 3227.62001012146
15,70.7912096, 142397440.0, 0, 0, 3373.3641648555504, 3360.3859125622503
16,74.5863327, 142209024.0, 0, 0, 4128.21638778583, 4117.23764926923
17,76.5727729, 142372864.0, 0, 0, 3558.99113480868, 3544.6527620219795
18,74.91916950000001, 142217216.0, 0, 0, 3294.505227354576, 3281.41234696305
19,71.2560931, 142147584.0, 0, 0, 3317.413850562554, 3300.462167596508
20,71.2260054, 142204928.0, 0, 0, 3303.7606587634, 3286.45816974781
21,76.5093675, 142254080.0, 0, 0, 3519.2894097477997, 3504.4275234591
22,88.0061721, 142254080.0, 0, 0, 3301.42476208115, 3290.39668075752
23,77.4062116, 142258176.0, 0, 0, 3297.600589614549, 3281.26139951886
24,76.83612579999999, 142422016.0, 0, 0, 3289.6714779122203, 3274.30397312234
25,77.7425094, 142319616.0, 0, 0, 3285.1418002417504, 3274.16763702306
26,72.1974472, 142254080.0, 0, 0, 3486.80906700784, 3474.70899746304
27,79.47217090000001, 142249984.0, 0, 0, 3548.9278827493035, 3535.0067354806997
28,85.74940819999999, 142319616.0, 0, 0, 3473.18687006123, 3463.2510419157898
29,73.0649185, 142241792.0, 0, 0, 3232.446767661503, 3218.5519773434753
30,78.0957735, 142303232.0, 0, 0, 3989.33850574679, 3976.29792523585
31,76.50440470000001, 142348288.0, 0, 0, 3253.036723915754, 3237.712868234107
32,74.70139280000001, 142368768.0, 0, 0, 3237.1602399089957, 3220.031579374417
33,80.6628887, 142053376.0, 0, 0, 3510.3762169789597, 3497.5179588867404
34,80.8368023, 142090240.0, 0, 0, 4126.98843137197, 4114.9535109280905
35,76.4350965, 142053376.0, 0, 0, 3445.59497065477, 3424.71264593654
36,72.733115, 142106624.0, 0, 5.97111991086646, 3212.973200611512, 3199.59484980448
37,78.2188823, 142168064.0, 0, 0, 3699.9128884047395, 3687.96487114685
38,76.4166282, 142311424.0, 0, 0, 3528.6407399949458, 3506.8653098915197
39,79.9686341, 142245888.0, 0, 0, 3490.77438974295, 3477.62853018832
40,74.80132470000001, 142077952.0, 0, 0, 3211.9583859753097, 3198.7368717161
41,73.115707, 142147584.0, 0, 0, 3306.3770843628604, 3287.19034474022
42,76.02997629999999, 141946880.0, 0, 0, 4010.30015010867, 3718.1349453639095
43,72.2410875, 142082048.0, 0, 0, 3347.883775894, 3335.8913450953505
44,74.1202927, 142143488.0, 0, 0, 3484.86166238818, 3471.9617872670797
45,77.7030261, 142209024.0, 0, 0, 3355.87038943899, 3342.8083545382196
46,74.7154087, 142012416.0, 0, 0, 3189.556598161464, 3178.77110077076
47,71.0127421, 141897728.0, 0, 0, 3361.5144382591498, 3349.54492954339
48,74.6772862, 142041088.0, 0, 0, 3932.7864829786804, 3920.6983063856605
49,69.7253286, 142127104.0, 0, 0, 3186.8480999398225, 3169.066186072203
50,71.0117866, 142233600.0, 0, 0, 3180.83581451869, 3168.8099595827302
51,78.39875699999999, 142102528.0, 0, 0, 3185.424320025822, 3171.2980817811913
52,73.1313642, 142077952.0, 0, 0, 3346.61393416213, 3331.38390394876
53,72.0408275, 142147584.0, 0, 0, 3411.755357995442, 3394.1413736168997
54,68.9716088, 142024704.0, 0, 0, 3337.6592011307503, 3321.39078490701
55,72.5409298, 142057472.0, 0, 0, 3148.4826351514002, 3132.5058871553697
56,68.8194636, 142118912.0, 0, 0, 3436.25098055045, 3420.2071033424354
57,72.6724981, 142123008.0, 0, 0, 3315.68615136017, 3300.59231064672
58,70.54342, 142229504.0, 0, 0, 3280.565564237755, 3272.3878079267934
59,71.56904510000001, 142131200.0, 0, 0, 3912.0204563296315, 3895.99012411054
60,66.036103, 142102528.0, 0, 0, 3147.481709327014, 3136.518387918049
61,78.674579, 142032896.0, 0, 0, 3140.651151348243, 3128.728053558736
62,69.41399870000001, 142098432.0, 0, 0, 3101.2184492053802, 3083.153485676391
63,74.3664699, 142225408.0, 0, 0, 3433.5072658031595, 3418.2479153680797
64,72.4355377, 142225408.0, 0, 0, 3381.2979055041924, 3365.6636954201203
65,64.0413372, 142000128.0, 0, 0, 3293.98216839564, 3281.9312120656105
66,70.2887334, 142139392.0, 0, 0, 3113.86948532117, 3100.5124079104894
67,70.9279016, 142106624.0, 0, 0, 3258.5315981736294, 3240.7635380128695
68,77.8476507, 141975552.0, 0, 0, 3350.678029251163, 3337.76832390927
69,68.0606865, 142069760.0, 0, 0, 3079.7793670418714, 3066.740831148455
70,70.6615568, 142184448.0, 0, 0, 3465.9994984845, 3451.7780891123703
71,73.5064805, 141873152.0, 0, 0, 3248.5245525306273, 3236.547790581034
72,69.5852519, 141983744.0, 0, 0, 3241.8187860703865, 3223.76980536687
73,67.72461340000001, 141946880.0, 0, 0, 3267.432690298212, 3253.23824783302
74,68.4175324, 142065664.0, 0, 0, 3054.411463339246, 3035.242106875149
75,77.18823429999999, 142098432.0, 0, 0, 3325.82629373525, 3313.73689197153
76,66.8639946, 142065664.0, 0, 0, 2974.1938113465703, 2959.233048822396
77,73.4798812, 142168064.0, 0, 0, 3270.90058708575, 3254.631792505802
78,73.4826302, 141971456.0, 0, 0, 3578.5967315032876, 3561.84204140391
79,69.78035510000001, 142069760.0, 0, 0, 3061.6132613075824, 3045.494233887985
80,66.423291, 142135296.0, 0, 0, 3243.2529570447996, 3230.4571454630295
81,73.9507202, 142266368.0, 0, 0, 3107.30419233706, 3088.4414428828886
82,74.6019084, 142139392.0, 0, 0, 3416.8428932141396, 3404.70488965286
83,68.6389203, 142233600.0, 0, 0, 3160.27666502315, 3146.96365769396
84,72.8995546, 142233600.0, 0, 0, 3211.5889815397, 3196.57687124755
85,75.8173031, 141836288.0, 0, 0, 3795.7171167471197, 3779.5095531954803
86,70.9884018, 141963264.0, 0, 0, 3540.5973170860198, 3527.7191558223003
87,73.7848602, 142008320.0, 0, 0, 3307.60599449044, 3289.80211303679
88,69.7730931, 142008320.0, 0, 0, 3364.16088543849, 3354.07758017215
89,76.2763189, 142135296.0, 0, 0, 3438.39185505799, 3426.08330169676
90,73.5567131, 142180352.0, 0, 0, 3655.2807723512306, 3644.28629874089
91,78.7643391, 142229504.0, 0, 0, 3668.27575822034, 3651.37179650198
92,80.3273593, 142229504.0, 0, 0, 3604.5397481522396, 3589.2574156271503
93,76.1332317, 141967360.0, 0, 0, 4531.26944860728, 4513.14051398312
94,73.5330203, 142028800.0, 0, 0, 3683.04708340765, 3670.7260623313705
95,81.8020556, 142155776.0, 0, 0, 3898.2175581773804, 3886.21641035646
96,77.06771, 141991936.0, 0, 0, 3797.2313584454596, 3778.18042594102
97,73.1101909, 142196736.0, 0, 0, 3810.3519957131602, 3795.3584357952905
98,85.132862, 142155776.0, 0, 0, 4107.1715291152605, 4095.22000228027
99,74.4059143, 141926400.0, 0, 0, 3917.524377206031, 3894.9354256517404
100,83.5832774, 141959168.0, 0, 0, 3977.75659017792, 3962.98048059125
101,84.70417280000001, 142049280.0, 0, 0, 4165.64130112725, 4146.62980604211
102,82.2650529, 142151680.0, 0, 0, 4284.54776808471, 4272.32674439139
103,87.4896034, 142118912.0, 0, 0, 4194.2113888819495, 4181.16785166748
104,83.0741835, 142123008.0, 0, 0, 4258.1162668814195, 4246.19983305893
105,85.4906407, 142061568.0, 0, 0, 4350.66148603715, 4339.60602822063
106,90.53726169999999, 142155776.0, 0, 0, 4536.00705365193, 4522.12697812576
107,93.10504, 142168064.0, 0, 0, 4575.26564441275, 4564.11489793048
108,90.9881743, 142135296.0, 0, 0, 4534.818601043759, 4515.04674446168
109,86.5265996, 142184448.0, 0, 0, 5399.24272640466, 5384.28906377776
110,90.8677687, 142282752.0, 0, 0, 4558.9064111383705, 4546.12883814803
111,86.61599319999999, 142491648.0, 0, 0, 4724.95941884554, 4709.78611374091
112,89.0550973, 142323712.0, 0, 0, 4672.006536165352, 4650.584290876321
113,93.6983036, 142258176.0, 0, 0, 4715.18567432632, 4701.11862843772
114,105.383052, 142131200.0, 0, 0, 5101.2637317115405, 5087.312393414721
115,97.2689673, 142102528.0, 0, 0, 4783.784765045682, 4767.64653141047
116,95.5710237, 142147584.0, 0, 0, 4769.81375574929, 4758.86505274622
117,100.5172115, 142049280.0, 0, 0, 4785.96076461713, 4773.90030800294
118,91.2709537, 142278656.0, 0, 0, 4972.70621154942, 4959.7043461851
119,92.795625, 142221312.0, 0, 0, 4826.6592458476425, 4811.82018893083
120,88.0174493, 142032896.0, 0, 0, 4872.39726643059, 4860.3764481908
121,99.37646570000001, 142000128.0, 0, 0, 5103.07186248845, 5091.05542470237
122,101.9306886, 142192640.0, 0, 0, 5319.079420556131, 5300.78384259806
123,95.3206686, 142290944.0, 0, 0, 5012.45641998619, 5003.46338775683
124,96.79144539999999, 142225408.0, 0, 0, 4938.22523512684, 4927.2486860667805
125,94.6466859, 142225408.0, 0, 0, 5039.2587979399605, 5017.17161582018
126,102.0749714, 141996032.0, 0, 0, 5146.4279750991645, 5130.24096457674
127,94.88268389999999, 142077952.0, 0, 0, 4917.73949747011, 4902.82835505553
128,91.37090090000001, 141754368.0, 0, 0, 4928.73761057973, 4911.75537348827
129,96.8756401, 141975552.0, 0, 0, 5110.36456940656, 5096.35849396127
130,103.33178660000002, 141873152.0, 0, 0, 4936.07005295284, 4924.35942613687
131,97.18126620000001, 142061568.0, 0, 0, 4970.00465402141, 4957.1910619418
132,102.1911926, 142209024.0, 0, 0, 5146.052317526341, 5128.03173893198
133,107.1763404, 141979648.0, 0, 0, 5470.68069970674, 5456.39382556519
134,98.1212796, 142004224.0, 0, 0, 4995.350711874844, 4976.04805277339
135,98.5800798, 142168064.0, 0, 0, 5799.63624086818, 5785.50319659898
136,101.5999055, 142168064.0, 0, 0, 5072.26710115546, 5059.53581027612
137,97.5717052, 142163968.0, 0, 0, 4927.851933738014, 4908.86775959802
138,106.2065149, 142127104.0, 0, 0, 4859.99236953663, 4846.94753719399
139,94.5129268, 142012416.0, 0, 0, 4837.52196193484, 4823.623895235551
140,95.9157453, 141934592.0, 0, 0, 5011.9277631967, 4998.04393949726
141,95.67787679999999, 142098432.0, 0, 0, 4847.60887487065, 4828.46820383357
142,92.89523080000001, 142057472.0, 0, 0, 4837.91113479579, 4826.1043838663
143,96.2414666, 141905920.0, 0, 0, 5632.75234519071, 5350.64971118865
144,103.61979769999999, 142077952.0, 0, 0, 4982.14764420982, 4966.98993036401
145,111.3451432, 142110720.0, 0, 0, 5296.59909120128, 5273.67497487988
146,96.98613569999999, 142139392.0, 0, 0, 4933.04999627438, 4912.9386728870295
147,94.6589537, 142299136.0, 0, 0, 4888.44513917565, 4874.23683646231
148,91.3299852, 142168064.0, 0, 0, 4892.628661185932, 4878.17448566165
149,97.6495357, 142008320.0, 0, 0, 5728.5563092948805, 5611.6531994448105
150,92.06980949999999, 142008320.0, 0, 0, 4825.67577621711, 4805.70567463679
151,97.5315812, 142004224.0, 0, 0, 4786.74630429088, 4772.59920991402
152,94.9226377, 141873152.0, 0, 0, 5639.509070378976, 5622.37226750171
153,96.58514439999999, 142131200.0, 0, 0, 4688.318630742249, 4669.3701112134895
154,97.6457125, 141983744.0, 0, 0, 4755.02904992642, 4745.22273476755
155,91.2289615, 142082048.0, 0, 0, 4679.2278884240895, 4666.13182689725
156,89.4736838, 142065664.0, 0, 0, 4669.73445293394, 4657.10968940728
157,97.5120448, 142114816.0, 0, 0, 4910.46942638735, 4897.52721353897
158,83.324832, 141955072.0, 0, 0, 4766.93234394699, 4754.99758585987
159,88.0032908, 142049280.0, 0, 0, 4921.01768239984, 4908.84427488569
160,92.58463119999999, 142147584.0, 0, 0, 4774.160764018873, 4760.44754787212
161,88.06373870000002, 142008320.0, 0, 0, 4595.932013341082, 4582.9088826623
162,92.4704792, 142008320.0, 0, 0, 4764.231308854716, 4748.43626627122
163,95.538679, 142053376.0, 0, 0, 5265.74330460928, 5253.91192022374
164,84.86079129999999, 142151680.0, 0, 0, 4727.881984356611, 4714.83280462834
165,87.5080435, 142184448.0, 0, 0, 4572.45401782635, 4560.41062888302
166,81.22606429999999, 142069760.0, 0, 0, 4552.233504917507, 4538.34042570312
167,88.10555830000001, 142004224.0, 0, 0, 4632.09276629068, 4618.822195382771
168,86.7784264, 142028800.0, 0, 0, 5120.22403070386, 5114.21918051105
169,84.7513659, 142069760.0, 0, 0, 4721.326344862478, 4705.32696417857
170,90.272517, 142110720.0, 0, 0, 4536.592760884319, 4520.60948716398
171,91.5784875, 142045184.0, 0, 0, 4526.91164132803, 4514.79317052419
172,87.5287911, 141881344.0, 0, 0, 4671.8621184328595, 4654.62263860408
173,89.2519101, 142028800.0, 0, 0, 4453.179171802431, 4441.30388639624
174,92.40118129999999, 142028800.0, 0, 0, 4376.72230853411, 4362.81775149867
175,91.49300740000001, 142004224.0, 0, 0, 4458.09490484195, 4446.93879023732
176,89.1145247, 142196736.0, 0, 0, 4282.74211813724, 4265.778749898889
177,93.3418529, 142098432.0, 0, 0.992114484676027, 4290.37853677754, 4277.38996077119
178,94.4574384, 142065664.0, 0, 0, 4287.702121833534, 4271.56397862836
179,91.4822833, 141930496.0, 0, 0, 5056.948551228879, 5045.88813601996
180,81.7197242, 141963264.0, 0, 0, 4320.670656959081, 4305.48927989972
181,94.3729806, 141864960.0, 0, 0, 4305.36546051538, 4294.305352390589
182,88.219734, 141946880.0, 0, 0, 4221.61100707292, 4207.177490251681
183,109.71234989999999, 142041088.0, 2.97351945216005, 0.991173150720017, 4372.06984420651, 4356.26868126404
184,110.6944845, 134078464.0, 3.00286501932403, 1.99828669362899, 4629.188214225154, 4585.896374865876
185,139.8822738, 105828352.0, 174.588507161399, 178.579101610802, 4279.66296178899, 4261.689637571732
186,86.8729389, 122380288.0, 48.8792707189515, 8.97782523409314, 4356.893383125895, 4333.574094168067
187,83.8599536, 118669312.0, 0, 22.0961273126468, 4513.412831335921, 4490.25879584522
188,78.1542367, 113844224.0, 0, 3.01053410376104, 4397.974686625303, 4367.920538600663
189,86.6102836, 110198784.0, 0, 2.00509898079123, 4405.701534023956, 4381.278058101531
190,86.2126793, 110870528.0, 0, 17.9818268872869, 4245.397335391184, 4222.430390018672
191,79.3483564, 110977024.0, 0, 20.0242227710786, 4282.208405225766, 4251.899568130177
192,88.8116339, 146972672.0, 1.99614221177909, 1.99614221177909, 4592.73501616613, 4582.69659858189
193,82.7141071, 147099648.0, 0, 0, 4016.35652177725, 4003.8011284637496
194,81.3935899, 147226624.0, 0, 0, 4204.660090273261, 4186.68269663122
195,76.1732978, 147296256.0, 0, 0, 3982.1185313074902, 3962.29766458176
196,114.23193789999999, 147263488.0, 0, 0, 5532.302023566856, 5512.27905418759
197,81.3523761, 147427328.0, 0, 0, 3945.0302497882403, 3928.3979156946098
198,84.4624725, 147263488.0, 0, 0, 4136.20739177413, 4118.18432912573
199,84.94074950000001, 147292160.0, 0, 0, 4219.129654014825, 4204.1653873924
200,76.02972439999999, 147292160.0, 0, 0, 4091.1968411771304, 4075.39948748616
201,81.4891762, 147161088.0, 0, 0, 3880.56401404029, 3870.5418954919205
202,78.7763075, 147185664.0, 0, 0, 4416.70716894982, 4404.6670971863
203,87.6649138, 147283968.0, 0, 0, 4171.31516582981, 4159.2039717581
204,84.0288425, 147316736.0, 0, 0, 3995.93456262799, 3983.9056266280095
205,73.3367818, 147382272.0, 0, 0, 3873.8036620740295, 3861.91189316277
206,67.7626995, 147382272.0, 0, 0, 3861.09956142394, 3846.39134115452
207,82.4260843, 147480576.0, 0, 1.99577195720929, 3897.7690977725, 3885.7945880082398
208,72.07033990000001, 147415040.0, 0, 0, 4487.53037152479, 4475.4617285929
209,71.14339050000001, 147288064.0, 0, 1.00590111098851, 3955.37761374355, 3942.25682699036
210,76.5938442, 147238912.0, 0, 0, 4027.93114218114, 4008.8752032721595
211,82.42182389999999, 147349504.0, 0, 0, 4033.96474166554, 4013.9354197172597
212,78.80957509999999, 147283968.0, 0, 0, 3813.69467372361, 3796.37613131099
213,77.81196419999999, 147410944.0, 0, 0, 4070.1863966767496, 4053.18153988341
214,79.0510791, 147410944.0, 0, 0, 3798.0459402002016, 3784.18801440477
215,76.37293629999999, 147615744.0, 0, 0, 4017.54992491996, 3999.4797850781797
216,81.7146382, 147447808.0, 0, 0, 3869.8223892912897, 3857.6974624760196
217,77.9777782, 147480576.0, 0, 0, 3802.2955530736904, 3788.38587913843
218,80.1367766, 147611648.0, 0, 0, 3854.2023267407203, 3840.25591095055
219,78.7516024, 147484672.0, 0, 0, 4484.09908035026, 4472.91454026779
220,80.399171, 147472384.0, 0, 0, 3897.90848368141, 3883.88718709958
221,75.8855215, 147210240.0, 0, 0, 3741.1192092691103, 3727.36869627915
222,89.05063849999999, 147210240.0, 0, 0, 4397.16632257565, 4376.95096686259
223,79.1770735, 147243008.0, 0, 0, 3676.6497868223405, 3666.27662663073
224,74.90695, 147562496.0, 37.0760336744845, 0, 3693.2637386108554, 3677.2109330554795
225,81.22565750000001, 147464192.0, 0, 0, 3931.14083848558, 3913.05259554652
226,83.2789777, 146972672.0, 0, 0, 3641.25720704962, 3629.1265897630997
227,81.0884029, 147021824.0, 0, 0, 3847.53341721743, 3832.54656802264
228,77.954488, 146759680.0, 0, 0, 3579.1177401968603, 3564.0039922792503
229,75.84390490000001, 146890752.0, 0, 0, 3557.34759405533, 3547.34110683226
230,77.95746150000001, 146497536.0, 0, 0, 3553.9918969170503, 3542.725467704
231,79.1233338, 146595840.0, 0, 0, 3533.08730844843, 3513.6745644819102
232,76.83637239999999, 146661376.0, 0, 0, 3498.776980693972, 3481.2562716454695
233,79.5337912, 146759680.0, 0, 0, 3468.2718559071795, 3455.34576615087
234,77.4741129, 146698240.0, 0, 0, 3460.1931703860705, 3444.27491931239
235,70.7783647, 146706432.0, 0, 0, 3443.86908570906, 3429.6585203402997
236,73.6448858, 146993152.0, 0, 0, 3572.8867474805593, 3551.6313282516203
237,79.0975543, 146993152.0, 0, 0, 4414.578873849499, 4395.69401170219
238,73.2853078, 146976768.0, 0, 0, 3467.06741075245, 3453.7482991314
239,74.70808819999999, 146948096.0, 0, 0, 3520.15539907003, 3509.18656999518
240,80.1215954, 147046400.0, 0, 0, 3753.2363232641, 3740.29334258567
241,76.2653544, 146948096.0, 0, 0, 3513.0531570762305, 3494.9234918398597
242,77.4522213, 147013632.0, 0, 0, 3561.3066785988167, 3541.17523929156
243,71.30075740000001, 146784256.0, 0, 0, 4339.2686426070295, 4326.37477914798
244,79.9064776, 146849792.0, 0, 0, 3607.77567706347, 3593.9913240436
245,81.9316955, 147079168.0, 0, 0, 3880.67967290853, 3867.5001750933097
246,75.3046785, 147095552.0, 0, 0, 3747.9007504890865, 3727.77816782276
247,82.1493818, 146964480.0, 0, 0, 3943.27941947514, 3931.4171187073
248,75.6657238, 146960384.0, 0, 0, 3788.9556039794497, 3775.31907482533
249,76.1978033, 146845696.0, 0, 0, 4069.26027134607, 4060.3509009725794
250,78.0957632, 146747392.0, 0, 0, 3894.09066159549, 3882.84733626606
251,75.7174017, 146632704.0, 0, 0, 3948.30448549502, 3934.23591134739
252,80.8339084, 146796544.0, 0, 0, 3989.41048560028, 3978.42038217622
253,79.4700122, 146792448.0, 0, 0, 4225.04347175741, 4210.17000780241
254,77.9625225, 146763776.0, 0, 0, 4154.445422171147, 4139.43600676934
255,80.1413143, 146862080.0, 0, 0, 4122.24399231865, 4109.27119576729
256,87.1393065, 146829312.0, 0, 0, 4880.01595216373, 4868.05995976314
257,88.05876789999999, 146964480.0, 0, 1.98609337465613, 4380.0071655078, 4370.9654667698305
258,89.9536283, 146903040.0, 0, 0, 4474.84685670364, 4465.72430453738
259,91.7292723, 146972672.0, 0, 0, 4570.762464393799, 4553.38000973775
260,92.43011659999999, 147165184.0, 0, 0, 5094.183338875744, 4686.32405222687
261,94.5559439, 147005440.0, 0, 0, 4392.67861371842, 4380.5076206761405
262,94.8203053, 147103744.0, 0, 0, 4556.00574067106, 4541.885738589301
263,94.6791571, 146931712.0, 0, 0, 4449.55487386028, 4436.36327390726
264,97.50137360000001, 147116032.0, 0, 0, 5226.98944016842, 5208.802147937649
265,98.39119589999999, 146952192.0, 0, 0, 4529.51209616436, 4515.7382682733205
266,89.3295226, 147054592.0, 0, 0, 4560.10263302461, 4544.93598075575
267,100.55332669999999, 146857984.0, 0, 0, 4582.67965921555, 4570.74590389992
268,96.2326918, 146952192.0, 0, 0, 4727.00293914955, 4717.9601843011005
269,91.1963923, 147034112.0, 0, 0, 4608.20549701914, 4600.15443216838
270,95.1818502, 146997248.0, 0, 0, 4617.22691414544, 4606.13281771184
271,88.2603384, 146944000.0, 0, 0, 4642.54825146907, 4629.85720798175
272,93.4058865, 146944000.0, 0, 0, 4771.73860294429, 4760.7619552309
273,91.00266539999998, 146944000.0, 0, 0, 4626.46038753657, 4609.36271429171
274,94.6082009, 146763776.0, 0, 0, 4849.71637965326, 4835.56900213026
275,99.1535887, 146825216.0, 0, 0, 4741.13009098291, 4728.901024918599
276,96.455646, 146857984.0, 0, 0, 4692.71829545718, 4679.6184883426195
277,92.8100344, 146870272.0, 0, 0, 4700.49344887706, 4685.5617009508605
278,85.4206627, 146739200.0, 0, 0, 4727.012839251271, 4712.329130039991
279,86.1913275, 146935808.0, 0, 0, 4750.15266269948, 4737.96698520503
280,96.3455597, 146870272.0, 0, 0, 4813.15499061863, 4803.1335023347
281,91.2178311, 146968576.0, 0, 0, 4769.04889832533, 4758.14370329783
282,98.08728500000001, 147066880.0, 0, 0, 4782.182976787461, 4765.31369318687
283,94.3152364, 147034112.0, 0, 0, 5371.50753950175, 5357.76180481963
284,97.6691238, 146935808.0, 0, 0, 4815.218587566431, 4799.15101189606
285,91.2100287, 147001344.0, 0, 0, 4889.674269571728, 4776.327342633031
286,91.8178523, 147066880.0, 0, 0, 4764.2650447899805, 4751.056278994331
287,84.5686034, 147136512.0, 0, 0, 4776.905126646662, 4760.71268198124
288,92.3449501, 147103744.0, 0, 0, 4905.46843784428, 4888.50456107227
289,91.1713217, 147132416.0, 0, 0, 5621.355682066, 5609.2299365579
290,104.76864669999999, 147066880.0, 0, 0, 5137.29977396579, 5122.10942393657
291,96.3191468, 147083264.0, 0, 0, 4759.307034118813, 4742.24426304233
292,96.7908016, 147034112.0, 0, 0, 4946.979625056219, 4928.9693137041395
293,93.0914163, 146968576.0, 0, 0, 5565.3507070081505, 5550.33079304644
294,88.113862, 147066880.0, 0, 0, 4754.09672448387, 4740.76699404182
295,87.8625802, 147197952.0, 0, 0, 4817.284221732464, 4803.278776162801
296,85.3396237, 147197952.0, 0, 0, 4720.2621267128, 4710.14614473907
297,91.8021784, 147132416.0, 0, 0, 4685.55036414146, 4669.68858687146
298,85.893324, 146968576.0, 0, 0, 4831.09249897101, 4819.20073401664
299,85.96591799999999, 147083264.0, 0, 0, 4776.49590556013, 4758.99240394395
300,90.58776929999999, 146919424.0, 0, 0, 4785.16021464661, 4775.14371995711
301,95.3166013, 146726912.0, 0, 0, 4802.491691578012, 4786.60083402433
302,94.56036950000001, 146788352.0, 0, 0, 4651.188256593759, 4641.98084823928
303,96.6031556, 146788352.0, 0, 0, 4447.1478062855, 4432.91463550397
304,92.2350912, 146886656.0, 0, 0, 4559.763165845119, 4545.8614071353495
305,89.95712320000001, 146788352.0, 0, 0, 4474.57874549366, 4456.81078146744
306,105.04229020000001, 147001344.0, 0, 0, 4603.58530940139, 4590.44924068527
307,85.25184349999999, 146870272.0, 0, 0, 4331.1602276782505, 4317.223928937359
308,90.97282949999999, 146993152.0, 0, 0, 4275.15635653275, 4263.32206336933
309,95.37516589999998, 147070976.0, 0, 0, 4323.46277646137, 4312.44061415355
310,83.7552158, 147038208.0, 0, 0, 4182.085546691376, 4166.16455440088
311,86.6451905, 147005440.0, 0, 0, 4099.397193227091, 4088.31789924848
312,91.51016340000001, 146944000.0, 0, 1.99402198520736, 4467.489980492341, 4457.29061603236
313,90.62753029999999, 146960384.0, 0, 0, 4051.2688306555037, 4036.17149124391
314,78.85705949999999, 146800640.0, 0, 0, 4008.71478637632, 3992.6811920851897
315,85.59512860000001, 146931712.0, 0, 0, 4165.36054662155, 4151.57783691411
316,83.7850067, 146931712.0, 0, 0, 4237.7696942618095, 4225.874275006459
317,81.4891077, 146866176.0, 0, 0, 4102.00763887347, 4093.92703233623
318,83.5324604, 146931712.0, 0, 0, 3929.91388079075, 3917.8717488655902
319,85.6677144, 146898944.0, 0, 0, 3946.0763151502497, 3928.32778288465
320,88.69153539999999, 147070976.0, 0, 0, 4067.23072486038, 4046.77241009411
321,77.7533532, 147005440.0, 0, 0, 4025.5179393439066, 4010.54580500054
322,89.3810911, 146579456.0, 0, 0, 3881.6568152686496, 3869.54581614218
323,85.7051713, 146649088.0, 0, 0, 3880.9098465877155, 3867.73817673951
324,84.7924148, 146599936.0, 0, 0, 4099.396766000551, 4080.1361681812696
325,84.8677156, 146944000.0, 0, 0, 4654.358270695922, 4634.6077134095995
326,85.8668481, 146976768.0, 0, 0, 4521.07634821175, 4510.13331984242
327,82.2094934, 146587648.0, 0, 5.97064295668509, 3834.553264096502, 3816.7590503134697
328,76.65229980000001, 146690048.0, 0, 3.01440542394267, 3837.3345425363714, 3822.4873714798005
329,90.3711033, 146821120.0, 0, 0, 4487.0368797214, 4476.81655834237
330,85.0696503, 147017728.0, 0, 0, 3831.3380900511997, 3820.17483639934
331,87.3359773, 146984960.0, 0, 0, 3819.51325208834, 3807.30051331289
332,79.1380232, 146890752.0, 0, 0, 4075.71129961222, 4068.66836997501
333,82.4163184, 146661376.0, 0, 0, 3820.0200436875725, 3805.59559751107
334,76.6961268, 146792448.0, 0, 0, 4020.7607698554552, 4003.8290073910202
335,83.7165454, 146694144.0, 0, 0, 3807.818104923783, 3794.45854105475
336,84.2242892, 146661376.0, 0, 0, 3923.60173119516, 3907.5716537011003
337,82.6565354, 146530304.0, 0, 0, 4072.3308177232498, 4058.67808492424
338,78.8898535, 146915328.0, 0, 0, 4492.80494546763, 4480.832108270801
339,91.9733807, 146718720.0, 0, 0, 4200.02203579698, 4184.745548173571
340,82.75728660000001, 146685952.0, 0, 0, 3760.5339178327204, 3746.6968867043797
341,78.90305570000001, 146751488.0, 0, 0, 3929.21686248572, 3922.3471744417097
342,82.581958, 146849792.0, 0, 0, 3706.192131584894, 3691.56913082327
343,81.1934717, 146685952.0, 0, 0, 3792.8774882816797, 3777.04865370925
344,85.69422879999999, 146587648.0, 0, 0, 3915.13696080427, 3902.8347854231697
345,85.382111, 146587648.0, 0, 0, 3821.9302663404073, 3804.3264819295196
346,83.1095037, 146432000.0, 0, 0, 3614.6884814378304, 3600.60055193696
347,87.98940759999999, 146464768.0, 0, 0, 3624.56593223842, 3611.40714633273
348,80.7981114, 146444288.0, 0, 0, 3580.95847111108, 3570.68799548885
349,84.8307747, 146477056.0, 0, 0, 3567.0523949819326, 3550.1048902113102
350,79.99683010000001, 146771968.0, 0, 0, 3967.93154614791, 3954.8226641116803
351,85.229891, 146735104.0, 0, 0, 3807.37930120085, 3795.34673018395
352,81.0214599, 146702336.0, 0, 0, 3532.1929578683867, 3514.4283429547604
353,83.600458, 146706432.0, 0, 0, 3621.9663135189594, 3602.6410785977205
354,76.2676833, 146870272.0, 0, 0, 3780.58419204415, 3768.43779312072
355,81.5900229, 146837504.0, 0, 0, 3781.9330240293903, 3766.9530095356895
356,78.1858039, 146804736.0, 0, 0, 3521.03743568765, 3509.8046520358102
357,80.400615, 146837504.0, 0, 0, 4168.052540753819, 4144.66404496987
358,77.285326, 146837504.0, 0, 0, 3525.38940217577, 3516.1688419368
359,79.4018509, 146739200.0, 8.96299016907452, 2.98766338969151, 3729.20524220386, 3719.19303323075
360,86.461487, 132710400.0, 0, 0, 4032.17833677417, 4020.7564933337103
361,79.7126662, 132857856.0, 0, 9.05220101586744, 3550.41603009738, 3538.47847948709
362,84.3856735, 132558848.0, 0, 0, 3609.7765974943395, 3596.3464543909995
363,86.779582, 132784128.0, 0, 0, 4007.16419401421, 4012.18859038081
364,76.80299930000001, 132931584.0, 0, 0, 4123.23251212789, 4069.89108937575
365,77.8054569, 132837376.0, 0, 0, 3495.38428157782, 3478.1808115726203
366,83.3338897, 132800512.0, 0, 0, 4135.195138188866, 4117.15395427147
367,79.8403524, 133038080.0, 0, 0, 3542.3217709566616, 3527.240274779
368,79.0257465, 132939776.0, 0, 0, 3487.94716343011, 3469.7589504199705
369,82.0999817, 132939776.0, 0, 0, 3748.9979958118947, 3734.85128750277
370,78.2959278, 133222400.0, 0, 0, 3470.7276884027697, 3454.7472276897606
371,75.4252265, 133029888.0, 0, 0, 3457.727254194324, 3442.57570020711
372,77.81081850000001, 133165056.0, 0, 0, 3653.38656700692, 3641.1168608608896
373,77.44964209999999, 132902912.0, 0, 0, 4057.75059740939, 4044.7916968792997
374,80.40577449999999, 132968448.0, 0, 0, 3495.937797709005, 3480.60522986639
375,82.355205, 132997120.0, 0, 0, 4103.31227502858, 4093.3549053512797
376,77.0622079, 132997120.0, 0, 0, 3393.5118530664417, 3375.30794363676
377,74.8335445, 132964352.0, 0, 0, 3363.88575422015, 3352.86170604219
378,80.21363729999999, 132898816.0, 0, 0, 3458.07630176923, 3447.01848932419
379,76.2093698, 132816896.0, 0, 0, 3629.5768685411203, 3621.54886882736
380,75.9451417, 132816896.0, 0, 0, 3617.76607733454, 3604.49114774284
381,76.8161476, 132780032.0, 0, 0, 4307.91019669435, 4211.47118402834
382,80.0262981, 132866048.0, 0, 0, 3423.165401565522, 3405.30551008925
383,74.976906, 132739072.0, 0, 0, 3294.3640353084147, 3278.4595489543563
384,76.9767215, 132706304.0, 0, 0, 3270.179579136474, 3255.8109341824097
385,75.63793079999999, 132870144.0, 0, 0, 3587.9805427083666, 3566.07225658461
386,76.2006754, 132833280.0, 0, 0, 3426.79098565542, 3413.63459170031
387,78.44203250000001, 133029888.0, 0, 0, 3313.01643790015, 3298.66057223012
388,73.8907959, 132898816.0, 0, 0, 3407.16609243758, 3391.87357097553
389,72.5233361, 133128192.0, 0, 0, 3338.859412766, 3323.71957806686
390,72.38827359999999, 133177344.0, 0, 0, 3352.3026919237304, 3337.36350108851
391,79.5579113, 133111808.0, 0, 0, 3479.79228763467, 3469.07315850474
392,79.2835888, 132849664.0, 0, 0, 3463.98079116568, 3452.08382865137
393,76.0297964, 132882432.0, 0, 0, 3715.4509815592455, 3696.34612398675
394,78.2513212, 133079040.0, 0, 0, 4303.693969574938, 4289.13993227351
395,84.1773591, 132886528.0, 0, 0, 4112.699157423, 4094.2031649987102
396,82.3766269, 132907008.0, 0, 0, 3690.02277001436, 3672.9102694718
397,84.9846417, 132673536.0, 0, 0, 3666.06974251042, 3652.9832369980304
398,86.9852619, 132808704.0, 0, 0, 3746.6304282497053, 3726.34496742897
399,95.1613265, 132902912.0, 0, 0, 4616.45477512719, 4602.4389779373205
400,79.8173701, 132837376.0, 0, 0, 4042.5497706004703, 4030.5889611064904
401,85.9130251, 132849664.0, 0, 0, 4018.13428084168, 4003.7658365856705
402,84.0501659, 132882432.0, 0, 0, 4046.5870950487297, 4036.6736649367704
403,85.4430357, 132927488.0, 0, 0, 4294.794716718759, 4283.61096019684
404,86.0514089, 132734976.0, 0, 5.92246725158652, 4531.83872841019, 4517.85455425824
405,79.97136219999999, 132837376.0, 0, 0, 4591.957525154683, 4573.02537353631
406,85.92164349999999, 132743168.0, 0, 0, 4376.7831861384, 4360.85125542265
407,86.8384766, 132710400.0, 0, 0, 4266.215629328481, 4252.90672155147
408,88.5360949, 132775936.0, 0, 0, 4343.99146553812, 4328.16599598608
409,90.2259228, 132808704.0, 0, 0, 4515.40744246598, 4498.48474536466
410,92.84335190000002, 132874240.0, 0, 0, 4412.851590229344, 4397.911887630669
411,94.0278624, 132874240.0, 0, 0, 4435.43214243552, 4426.30363381032
412,91.51062959999999, 132804608.0, 0, 0, 4495.89562365192, 4484.91805193421
413,100.28197979999999, 132804608.0, 0, 0, 5325.71001313651, 5313.74659964426
414,90.5163694, 132804608.0, 0, 0, 4733.86677570314, 4721.99953170788
415,90.1297319, 133017600.0, 0, 0, 4659.62648982211, 4648.76230601144
416,93.1740475, 132739072.0, 0, 0, 5198.10885989683, 5191.15679538691
417,85.9206053, 132571136.0, 0, 0, 5381.75619900257, 5054.7766154048495
418,91.2640109, 132726784.0, 0, 0, 4686.614577663469, 4671.72364518518
419,92.5216045, 132616192.0, 0, 0, 4755.09240024553, 4743.076984570271
420,92.1808029, 132550656.0, 0, 0, 4781.525713118139, 4767.571336245021
421,91.6313325, 132648960.0, 0, 0, 4863.92487405785, 4841.7842830135905
422,105.37006840000001, 132681728.0, 0, 0, 4712.884698473497, 4695.91397011299
423,93.27250670000001, 132878336.0, 0, 0, 4723.26259210755, 4709.87972730071
424,96.2272955, 132812800.0, 0, 0, 4711.562593684321, 4697.42762782227
425,103.6821906, 132845568.0, 0, 0, 5284.971792669969, 5270.78958586961
426,96.46547079999999, 132780032.0, 0, 0, 4792.19534018739, 4778.63435863197
427,94.0640653, 132907008.0, 0, 0, 4764.65265429775, 4743.36876557351
428,86.3882391, 133033984.0, 0, 0, 4685.76137194157, 4674.92758695455
429,85.3638637, 132968448.0, 0, 0, 4854.8495484900195, 4846.837449782261
430,93.8829695, 133001216.0, 0, 0, 4818.299726130799, 4802.4075992424605
431,93.61440250000001, 132726784.0, 0, 0, 4748.762472392334, 4731.76006230089
432,91.4806995, 132763648.0, 0, 0, 4684.777392868849, 4670.65349863126
433,93.1254098, 132939776.0, 0, 0, 4699.11807944096, 4689.30372135959
434,94.5018707, 132923392.0, 0, 0, 4767.198629843077, 4753.24178543099
435,94.3381433, 132857856.0, 0, 0, 4843.3796399505, 4829.54166124615
436,91.70890349999999, 133054464.0, 0, 0, 4736.312693909878, 4717.82470563366
437,91.22540749999999, 132820992.0, 0, 0, 4945.35214803633, 4928.14237344313
438,91.5578535, 132722688.0, 0, 0, 5299.21021994047, 5286.368587580941
439,97.5705308, 132771840.0, 0, 0, 4813.84162606226, 4804.67165820753
440,93.7631536, 132935680.0, 0, 0, 4866.20692052149, 4852.12465922992
441,84.5096922, 132734976.0, 0, 0, 4796.1872945464, 4778.93544362007
442,102.9782609, 132898816.0, 0, 0, 5012.12139030349, 4998.23499173101
443,96.63695200000001, 132567040.0, 0, 0, 4823.766039196775, 4809.61088238169
444,96.1777918, 132648960.0, 0, 0, 4822.438563874291, 4806.37299514627
445,91.7978139, 132648960.0, 0, 0, 4815.0503859652545, 4801.213945286199
446,105.1788969, 132595712.0, 0, 0, 5199.869066775703, 5183.73066486326
447,104.3088113, 132599808.0, 0, 0, 4928.351634087471, 4911.54491611058
448,96.5080152, 132665344.0, 0, 0, 4782.3009192587, 4768.34118700773
449,92.931374, 132714496.0, 0, 0, 4898.79636996662, 4886.43375392543
450,91.8752934, 132567040.0, 0, 0, 4735.78657471512, 4723.65562806594
451,92.7265261, 132763648.0, 0, 0, 5396.41299502947, 5384.4917701266895
452,98.47667129999999, 132993024.0, 0, 0, 4705.328961940295, 4689.34978332782
453,96.1241895, 132861952.0, 0, 0, 4863.91220179708, 4849.81381629774
454,95.75301619999999, 132931584.0, 0, 0, 4721.35823533867, 4707.3924093347405
455,83.60186780000001, 132845568.0, 0, 0, 4686.582485191309, 4668.66261316535
456,88.7991869, 132734976.0, 0, 0, 4841.02897101655, 4826.894191986101
457,85.99732700000001, 132800512.0, 0, 0, 4613.3057786655, 4599.04460858538
458,89.70228259999999, 132935680.0, 0, 0, 4589.13340764408, 4570.466446094941
459,90.50697360000001, 132952064.0, 0, 0, 4788.090076735528, 4768.973983988
460,90.7792291, 132984832.0, 0, 0, 4550.68805502051, 4534.33634333641
461,98.10942739999999, 132919296.0, 0, 0, 4711.86334161135, 4698.927227052491
462,89.4236598, 132820992.0, 0, 0, 4567.24444339412, 4552.03044146002
463,99.3573485, 132984832.0, 0, 0, 4658.6771238871, 4643.68478811609
464,96.5521037, 132984832.0, 0, 0, 4616.38233943276, 4602.57175125148
465,90.8059146, 132792320.0, 0, 0, 4654.53600154836, 4639.4599161712895
466,95.2110344, 132923392.0, 0, 0, 4582.37954450072, 4568.135642060341
467,95.70673590000001, 132890624.0, 0, 0, 4640.21216815139, 4632.00100543045
468,104.5676159, 132730880.0, 0, 0, 4538.78807415713, 4522.74585773824
469,96.9057276, 132419584.0, 0, 0, 4556.221979953568, 4539.08844498957
470,89.43529559999999, 132517888.0, 0, 0, 4499.780150445889, 4485.70723281516
471,88.5681088, 132681728.0, 0, 0, 4541.757779862463, 4531.7846421388895
472,84.4009929, 132648960.0, 0, 0, 4612.64889151641, 4597.688412955929
473,94.2215836, 132677632.0, 0, 0, 4584.51823025864, 4573.4897348696595
474,94.7274314, 132943872.0, 0, 0, 4568.25951592589, 4551.38704792919
475,88.6672194, 132911104.0, 0, 0, 4443.874670321862, 4423.9872654440605
476,89.5772103, 132845568.0, 0, 0, 4398.496637472895, 4379.639909235289
477,92.4311886, 132943872.0, 0, 0, 4327.45858023523, 4312.56026062688
478,96.6611129, 132845568.0, 0, 0, 4331.303168186947, 4313.01944984372
479,86.4879784, 132927488.0, 0, 0, 4379.75355440723, 4366.4890809442
480,103.70377660000001, 132734976.0, 0, 0, 4681.63275722894, 4668.41375515449
481,92.2708388, 132927488.0, 0, 0, 4219.77611881084, 4204.8714906304
482,91.9583197, 132767744.0, 0, 0, 4134.008733892477, 4123.86027316531
483,90.11246129999999, 132898816.0, 0, 0, 4176.2855447429765, 4162.07701656691
484,87.38868199999999, 132943872.0, 0, 0, 4475.840540676169, 4466.71636776739
485,83.9207188, 132943872.0, 0, 0, 4182.18934319467, 4167.29146817877
486,81.82424850000001, 133173248.0, 0, 0.993477062599481, 4317.645262246249, 4304.59189287713
487,77.09165709999999, 132927488.0, 0, 0, 4345.12526040951, 4330.04143660181
488,86.05883309999999, 132894720.0, 0, 0, 4136.52161579281, 4122.5153101517
489,77.8726942, 132976640.0, 0, 0, 4220.98167263707, 4209.8445397123
490,80.31794790000001, 133042176.0, 0, 0, 4252.87192663303, 4235.019230540131
491,86.768726, 132911104.0, 0, 0, 4009.54757598012, 3994.4475391773803
492,82.3420844, 132648960.0, 0, 0, 4244.38038173935, 4229.50525597203
493,87.3301763, 133009408.0, 0, 0, 4133.283042109581, 4113.50972631088
494,82.2244762, 132755456.0, 0, 0, 3980.50553722157, 3968.76430148991
495,94.0309546, 132509696.0, 0, 0, 3987.3620913907403, 3965.5837380479497
496,88.53460179999999, 132640768.0, 0, 0, 3952.35127938779, 3940.5414384540704
497,89.447801, 132407296.0, 0, 0, 4094.2149938377197, 4081.1827685448898
498,90.7506446, 132472832.0, 0, 0, 4151.27590793447, 4137.04886752233
499,91.5094607, 132681728.0, 0, 0, 4187.693067136331, 4176.75145756845
500,85.7882298, 132648960.0, 0, 0, 3938.0212414076896, 3925.8884749730605
501,91.5675349, 132714496.0, 0, 0, 4089.030112991773, 4075.00268730633
502,89.3756305, 132747264.0, 0, 0, 4101.88223230325, 4087.99154427447
503,84.3075148, 132616192.0, 0, 0, 3899.74909065495, 3886.77653021799
504,87.7467131, 132583424.0, 0, 0, 3901.42687075708, 3886.57005211404
505,86.9936105, 132829184.0, 0, 0, 3913.99632082283, 3898.6835944210998
506,88.232189, 132890624.0, 0, 0, 4110.55929250573, 4099.55745925749
507,91.3465861, 132567040.0, 0, 0, 4187.195487865279, 4168.8173254657995
508,85.84946, 132567040.0, 0, 0, 4412.685307248579, 4399.494709467221
509,78.0084097, 132726784.0, 0, 0, 4033.0582017177303, 4014.9091650435303
510,77.6390309, 132804608.0, 0, 0, 3905.4253117382104, 3894.66735271122
511,87.1489223, 132902912.0, 0, 0, 3935.729160045841, 3925.61930663804
512,76.92419559999999, 133001216.0, 0, 0, 3922.78197307412, 3909.67645198622
513,82.6242327, 133066752.0, 0, 0, 3911.92235390703, 3899.20600857336
514,78.4074894, 133017600.0, 0, 0, 4529.54869132856, 4514.07903457783
515,86.5568556, 133001216.0, 0, 0, 4166.867199279572, 4150.97494891117
516,84.5094199, 132968448.0, 0, 0, 4194.37706137622, 4178.39454985003
517,80.81301099999999, 132706304.0, 0, 0.998571909002929, 3956.4916817108, 3940.3758510071902
518,83.91418440000001, 132968448.0, 0, 0, 3949.224604999674, 3928.6622361108502
519,90.000681, 132612096.0, 0, 0, 4165.51566230219, 4152.32033519872
520,87.3488783, 132665344.0, 0, 0, 3948.1537050094084, 3933.0410393561297
521,81.92031890000001, 132698112.0, 0, 0, 3929.2375127959904, 3916.21596841007
522,89.6553667, 132837376.0, 0, 0, 4112.53890109655, 4094.14141755541
523,83.7658356, 132673536.0, 0, 0, 3907.5662976040703, 3891.03758523358
524,85.0557539, 132673536.0, 0, 0, 3890.3118249252416, 3875.19781075027
525,88.8307218, 132571136.0, 0, 0, 3894.9426585506735, 3877.29300373171
526,80.6303005, 132673536.0, 0, 0, 3967.0198766091603, 3955.92220621622
527,86.13053459999999, 132673536.0, 0, 0, 4050.38334335485, 4036.3472581451697
528,96.4733919, 132669440.0, 0, 0, 4738.388309597347, 4725.31017522993
529,84.0241019, 132767744.0, 0, 0, 3926.17904385206, 3910.98071842412
530,83.63789009999999, 132747264.0, 0, 0, 3782.8057331235996, 3767.5935148033604
531,77.03510979999999, 132710400.0, 0, 0, 3768.0479780225796, 3758.0808415764704
532,80.1678982, 132546560.0, 0, 0, 3761.1463605284, 3752.0395336758697
533,83.54372, 132579328.0, 0, 0, 3717.80926636379, 3699.1268389752704
534,80.16450019999999, 132644864.0, 0, 0, 3765.06758390084, 3752.990426268
535,78.1003768, 132902912.0, 0, 0, 4452.40402462095, 4443.21141287164
536,75.9215205, 132837376.0, 0, 0, 3705.12347987784, 3689.24990907817
537,80.0787132, 132718592.0, 0, 0, 3943.87457288696, 3928.86765842976
538,74.1886219, 132915200.0, 0, 0, 3745.986460606885, 3732.02038864381
539,81.6780086, 132947968.0, 0, 0, 3975.0494340877276, 3959.0327517271903
540,79.3160263, 132882432.0, 0, 0, 4629.6529263169505, 4567.893518987
541,81.4553575, 132980736.0, 0, 0, 3717.6434288257706, 3700.44406986833
542,77.1493571, 132980736.0, 0, 0, 3743.2904271320704, 3732.2034289411295
543,79.0796355, 132558848.0, 0, 0, 3768.8382512361804, 3757.7352225275404
544,90.1227987, 132722688.0, 0, 0, 4063.1912775051696, 4047.1508886126703
545,88.2241041, 132755456.0, 0, 0, 4718.19374973517, 4706.25427099663
546,86.8019907, 132755456.0, 0, 0, 4058.2069666772704, 4048.1291717330796
547,89.5223205, 132874240.0, 0, 0, 3919.33609703366, 3905.41330159766
548,87.1221415, 132673536.0, 0, 0, 4033.80337420858, 4018.6735446922194
549,89.61107679999999, 132575232.0, 0, 0, 4011.86333115263, 3998.54526429402
550,91.95299360000001, 132804608.0, 0, 0, 4269.1815374241105, 4258.084932828129
551,83.5667292, 132411392.0, 0, 0, 4094.11828517302, 4083.91674936644
552,97.3343663, 132624384.0, 0, 0, 4537.89361563415, 4525.86472799808
553,83.1659386, 132591616.0, 0, 0, 4180.1249365815, 4165.46546213954
554,88.2825507, 132722688.0, 0, 0, 4198.614087876573, 4181.38654690715
555,80.588815, 132698112.0, 0, 0, 4319.935207902765, 4302.05537850182
556,83.9606264, 132661248.0, 0, 0, 4465.40525003563, 4450.34007672365
557,94.004744, 132476928.0, 0, 0, 4588.113531781235, 4573.969096069301
558,88.67823680000001, 132706304.0, 0, 0, 4578.52452643114, 4565.564728389209
559,93.7979998, 132734976.0, 0, 0, 4519.14571484939, 4505.25312398163
560,85.98063780000001, 132669440.0, 0, 0, 4595.838625905029, 4582.69650858461
561,97.6464891, 132833280.0, 0, 0, 4628.21992431666, 4617.13398614809
562,92.9759714, 132866048.0, 0, 0, 4656.12260263181, 4640.31236934153
563,109.14417650000001, 132833280.0, 0, 0, 4986.42688433146, 4972.4430615764195
564,89.2688874, 132796416.0, 0, 0, 4706.04497339597, 4693.8190165961905
565,93.3694598, 132857856.0, 0, 0, 4738.677915921204, 4722.69978325838
566,90.4841801, 132902912.0, 0, 0, 4751.13685834389, 4739.08053187109
567,99.0787479, 132788224.0, 0, 0, 4779.77956781825, 4765.09373840822
568,93.3543347, 133017600.0, 0, 0, 4798.55703452011, 4780.76783460992
569,93.4438363, 132919296.0, 0, 0, 4942.86453755778, 4929.88843724474
570,92.71035979999999, 132984832.0, 0, 0.998233135743305, 4849.430341025929, 4831.96879155716
571,103.65874260000001, 132755456.0, 0, 0, 5724.62403234868, 5627.2542078884
572,93.9572411, 132816896.0, 0, 0, 4908.33813472095, 4890.465499765291
573,93.851503, 132911104.0, 0, 0, 4876.39363609528, 4861.30290610294
574,94.52194130000001, 132849664.0, 0, 0, 4910.616051639307, 4892.60313332687
575,105.22770309999999, 132849664.0, 0, 0, 5045.762435750933, 5025.7153058903305
576,90.384637, 132759552.0, 0, 0, 5115.679895367826, 5101.73248823734
577,93.3443623, 132796416.0, 0, 0, 5151.56821617934, 5139.43511638545
578,99.89596829999999, 132665344.0, 0, 0, 5702.5044084742, 5689.557913210941
579,97.1309346, 132354048.0, 0, 0, 4986.876754167783, 4969.27061838503
580,107.75055830000001, 132517888.0, 0, 0, 5423.704903303264, 5405.6162158078005
581,92.39656, 132648960.0, 0, 0, 5215.849858235568, 5138.3139122129405
582,100.02816150000001, 132599808.0, 0, 0, 5221.94195946212, 5206.050888481111
583,91.3760652, 132726784.0, 0, 0, 4995.450410273244, 4982.63793149387
584,95.1353903, 132870144.0, 0, 0, 4990.15520159519, 4975.9963778664
585,100.2385323, 132841472.0, 0, 0, 5110.93549016758, 5103.96777721583
586,97.8801737, 132956160.0, 0, 2.995238685423983, 4973.21936164675, 4958.74408987531
587,102.44041899999999, 132890624.0, 0, 0, 5100.685898727705, 5085.62214231864
588,103.88982040000002, 132956160.0, 0, 0, 4967.51234931902, 4955.16309022525
589,97.9322639, 132956160.0, 0, 0.993955410045979, 4955.39137412511, 4943.64535211074
590,100.34845, 133025792.0, 0, 0, 4965.61110903087, 4948.805621964801
591,98.302566, 133124096.0, 0, 0, 4987.8084558291475, 4970.90075349569
592,96.2731471, 132964352.0, 0, 0, 4888.170719461919, 4876.15062599839
593,93.8642224, 132833280.0, 0, 0, 4885.53124693247, 4872.09320851875
594,94.1901613, 132833280.0, 0, 0, 4881.03372639972, 4868.70790535959
595,91.03952340000001, 132800512.0, 0, 0, 4886.67949864711, 4870.77159803202
596,92.30139729999999, 132739072.0, 0, 0, 4827.0807494967, 4810.02948032092
597,102.5853953, 132870144.0, 0, 0, 4834.17365684385, 4818.48555727764
598,96.7951537, 132833280.0, 0, 0, 4793.92689948733, 4781.75955990033
599,91.59597740000001, 132866048.0, 0, 0, 4746.7481375262705, 4731.89552462487
600,93.29577040000001, 132689920.0, 0, 0, 4717.68691346859, 4701.342756933191
601,91.0656013, 132755456.0, 0, 0, 4795.5269173015695, 4780.45594586568
602,96.17029120000001, 132653056.0, 0, 0, 4622.377838648243, 4606.08721073566
603,98.0806783, 132751360.0, 0, 0, 4639.19602078643, 4628.15271063228
604,97.50473640000001, 132784128.0, 0, 0, 4739.96037988496, 4725.95548642331
605,96.18001029999999, 132460544.0, 0, 0, 4613.56829611984, 4599.65099929837
606,93.6109817, 132624384.0, 0, 0, 4683.1387525583195, 4664.86921913937
607,88.874161, 132558848.0, 0, 0, 4543.500552653009, 4528.20249327508
608,95.4480394, 132689920.0, 0, 0, 4443.549622460514, 4425.42208171062
609,90.7173183, 132591616.0, 0, 0, 4590.97003875685, 4575.97693987121
610,88.5266993, 132673536.0, 0, 0, 4387.931128594224, 4368.93564387511
611,87.950144, 132935680.0, 0, 0, 4359.852743143723, 4345.36376107133
612,93.6476248, 132964352.0, 0, 0, 4336.96377184297, 4325.0947912333995
613,86.24094600000001, 132997120.0, 0, 0, 4299.14657170804, 4284.55652795045
614,86.2797689, 132833280.0, 0, 0, 4483.92437410535, 4468.04511119735
615,85.54129180000001, 132964352.0, 0, 0, 4421.3360088148775, 4406.29454914425
616,87.5175026, 133091328.0, 0, 0, 4551.143517819234, 4536.00372102651
617,81.5297114, 132763648.0, 0, 0, 4425.92386055532, 4409.82973432034
618,93.4820763, 132796416.0, 0, 0.987557734570834, 4885.596896413927, 4700.118729157361
619,79.0141476, 132730880.0, 0, 0, 4232.603042794461, 4216.64229139319
620,93.2459739, 132829184.0, 0, 0, 4259.88251552985, 4247.7923415715395
621,81.6287332, 132927488.0, 0, 0, 4438.38549843259, 4425.2868633568305
622,89.8686495, 132960256.0, 0, 0, 4438.687373100289, 4420.74295050855
623,82.1356005, 132599808.0, 0, 0, 4165.87233656669, 4156.88192825324
624,88.7828734, 132747264.0, 0, 0, 4150.7479620571185, 4131.8765102374
625,83.4552712, 132681728.0, 0, 0, 4936.969297047201, 4923.03436353816
626,85.6269935, 132407296.0, 0, 0, 4369.843665281371, 4353.6705146780205
627,92.6198063, 132640768.0, 0, 0, 4662.05771400616, 4648.05733628536
628,96.0773379, 132640768.0, 0, 0, 4118.18046067425, 4102.90164185564
629,82.49158820000001, 132636672.0, 0, 0, 4125.3410922926105, 4109.08780099106
630,88.440045, 132767744.0, 0, 0, 4104.31291955025, 4089.3736289466897
631,89.01166849999998, 132800512.0, 0, 0, 4087.7933787004104, 4075.9644639070602
632,84.6173551, 132763648.0, 0, 0, 4228.32789497651, 4209.11729822539
633,83.0034498, 132894720.0, 0, 0, 4232.792470467535, 4218.6968104138405
634,83.8497785, 132927488.0, 0, 0, 4002.79086114216, 3990.09600319507
635,90.3804715, 132993024.0, 0, 0, 3995.1665967712497, 3981.40032336478
636,90.1744381, 133062656.0, 0, 0, 4131.229710060206, 4115.03401848129
637,91.0231047, 132980736.0, 0, 0, 4028.19287205565, 4012.3609001124296
638,84.3905909, 132911104.0, 0, 0, 3938.82403408956, 3925.7822007347895
639,84.5539291, 132775936.0, 0, 0, 3913.0661251719303, 3901.16831550919
640,87.0654107, 132820992.0, 0, 0, 4841.17108962341, 4593.17822084462
641,85.6133035, 132902912.0, 0, 0, 3900.55013918131, 3883.7973218116804
642,90.2263556, 133029888.0, 0, 0, 4256.37146240019, 4246.32352200845
643,90.3843582, 132767744.0, 0, 0, 4131.77050808737, 4115.94336351465
644,89.3565092, 132669440.0, 0, 0, 4055.86353803542, 4045.9129295132498
645,85.3717509, 132538368.0, 0, 0, 3941.3831789491096, 3930.20658183216
646,90.5274515, 132636672.0, 0, 0, 4099.57062504025, 4081.5063898894005
647,84.8431887, 132706304.0, 0, 0, 3788.76398711428, 3775.77817736972
648,87.4138476, 132722688.0, 0, 0, 4017.51445168497, 4002.23578033673
649,90.58016810000001, 132591616.0, 0, 0, 3829.5514512828004, 3827.55504611663
650,77.9242873, 132562944.0, 0, 0, 3863.154624409489, 3844.6975177385602
651,79.5571347, 132812800.0, 0, 0, 4026.3028079971455, 4013.1205745072602
652,89.3193812, 132812800.0, 0, 0, 3767.81742711294, 3754.7835274014396
653,81.7725078, 132780032.0, 0, 0, 3781.5996798983797, 3767.69398501134
654,81.20242470000001, 132780032.0, 0, 0, 3761.56649774739, 3750.68623504142
655,81.0260607, 132796416.0, 0, 0, 3741.9256226676303, 3730.0644518032695
656,80.4730346, 132898816.0, 0, 0, 3957.4244386537403, 3943.37311993641
657,79.3307726, 132898816.0, 0, 0, 3716.72587513112, 3699.89949425768
658,71.9977695, 132964352.0, 0, 0, 3961.63906578624, 3948.7538339061903
659,84.8996018, 132804608.0, 0, 0, 3705.965466416438, 3692.9657464321604
660,83.65157549999999, 132804608.0, 0, 0, 4228.87474666772, 4217.7543190938395
661,88.4551418, 132870144.0, 67.14804879390411, 0, 3833.54148620848, 3816.2517607277096
662,75.4388265, 132603904.0, 0, 0, 3717.2390813886095, 3706.03891059315
663,80.5463206, 132554752.0, 0, 5.92320936509369, 3663.36958222996, 3649.27561995633