0, 35.7536013, 42995712.0, 0, 0, 5737.452889063585, 2870.02972172411
1, 84.9777138, 98357248.0, 0, 0, 5644.598705854128, 5611.19825568751
2, 64.5916694, 98242560.0, 0, 0, 3159.256062564505, 3140.3144996469237
3, 49.649628, 56025088.0, 0, 0, 3597.1483311139, 3578.3091393756004
4, 50.701256, 56000512.0, 0, 0, 3512.14646441518, 3494.19692357607
5, 57.977086400000005, 55853056.0, 0, 0, 3795.3940698576725, 3774.63792667976
6, 56.2258473, 55783424.0, 0, 2.00825132835708, 3129.5148699808096, 3112.76024864555
7, 62.2244413, 55848960.0, 0, 0, 4198.5306394533, 4184.528865023691
8, 60.935238, 97869824.0, 0, 0, 3148.4050684669346, 3119.28109641343
9, 67.7977371, 55668736.0, 0, 0, 4991.33466744523, 4979.51596490639
10, 63.5912694, 97980416.0, 0, 0, 3310.5421050070927, 3278.7199733067587
11, 47.0715961, 55791616.0, 0, 0, 3430.3908857353354, 3418.4067111843597
12, 49.4416192, 55689216.0, 0, 0, 3502.66554973064, 3491.76939376658
13, 54.5924848, 55889920.0, 0, 0, 3897.28324653241, 3813.9172485784097
14, 48.3638623, 55889920.0, 0, 0, 3164.5583359660104, 3145.1100631919
15, 61.8155474, 55840768.0, 0, 0, 3173.46631288919, 3157.51364920474
16, 68.8644142, 55734272.0, 0, 0, 4252.68786057428, 4237.66067159183
17, 64.4000775, 98037760.0, 0, 0, 3329.38783836448, 3303.48594512032
18, 60.104654599999996, 55848960.0, 0, 0, 3523.6936009667897, 3506.68058995414
19, 66.0856682, 55963648.0, 0, 0, 3409.770256895884, 3390.0444986315
20, 51.9024, 55959552.0, 0, 0, 3539.23151321678, 3522.01669753004
21, 49.658560699999995, 55758848.0, 0, 0, 3382.02056816221, 3366.70809613998
22, 52.3388922, 55906304.0, 0, 0, 3342.49620526653, 3324.44477255002
23, 50.6508148, 55775232.0, 0, 0, 3550.31470355865, 3531.21619459662
24, 63.4206808, 55701504.0, 0, 0, 3254.2041412078397, 3235.30742459547
25, 63.9526353, 55767040.0, 0, 0, 4441.50950057628, 4418.73764608257
26, 80.47800889999999, 97996800.0, 0, 0, 5496.1894851929, 5337.44963786857
27, 64.0465724, 98091008.0, 0, 0, 3268.55610147045, 3241.80537764535
28, 63.812246800000004, 55943168.0, 0, 0, 3967.4772974356183, 3968.48417277724
29, 49.4537299, 55922688.0, 0, 0, 3268.54901872592, 3252.8707944542602
30, 59.4089604, 55832576.0, 0, 0, 4651.42218785127, 4641.50233670399
31, 69.624167, 97878016.0, 0, 0, 3419.5878251988297, 3389.53009571844
32, 50.5518669, 55959552.0, 0, 0, 3405.95145174462, 3387.91994565336
33, 54.172938, 55906304.0, 0, 0, 4162.5580423954, 3962.1236505913002
34, 72.8995851, 98136064.0, 0, 0, 4016.70307185167, 3991.7286047816597
35, 64.4995709, 98045952.0, 0, 2.01109903432133, 3313.4607646939603, 3289.43561872567
36, 53.60124570000001, 55984128.0, 0, 0, 4044.7612134872998, 4026.88982415012
37, 64.53848980000001, 97951744.0, 0, 0, 3305.19375470205, 3283.4760291903704
38, 55.6663134, 55902208.0, 0, 0, 3507.60319672644, 3491.48554544121
39, 50.4199783, 55873536.0, 0, 0, 3297.20396535011, 3279.19185375539
40, 53.513737199999994, 55996416.0, 0, 0, 3756.556446768952, 3743.57136451938
41, 48.301089499999996, 55947264.0, 0, 0, 3406.7209734369326, 3389.2603155672
42, 52.1021741, 56008704.0, 0, 0, 3411.13135830322, 3391.0893695393697
43, 57.1790078, 55992320.0, 0, 0, 4642.91846397327, 4620.86174233109
44, 76.14766320000001, 97918976.0, 0, 0, 3665.35969521889, 3635.35736179677
45, 58.9259636, 55898112.0, 0, 0, 4095.91794348821, 4074.96477664136
46, 87.14536530000001, 97947648.0, 0, 0, 4791.772472372524, 4776.77302214086
47, 93.5156565, 98004992.0, 0, 0, 4737.04298390884, 4684.12891061503
48, 63.2843812, 98095104.0, 0, 0, 3263.27807583187, 3235.7562253066
49, 65.6883412, 56078336.0, 0, 0, 3999.9266533949303, 3985.56930726368
50, 47.98491490000001, 56016896.0, 0, 0, 3253.4724094953244, 3231.42175010227
51, 48.2531637, 55926784.0, 0, 0, 3373.7006637827685, 3360.59743878441
52, 51.694384299999996, 55861248.0, 0, 0, 3942.99345241647, 3927.8393524123403
53, 51.3551751, 55816192.0, 0, 0, 3245.096272148328, 3222.03877592685
54, 62.927353200000006, 56012800.0, 0, 0, 3430.70399150702, 3414.67726127597
55, 48.2305465, 56020992.0, 0, 0, 3483.44252235659, 3344.85775168396
56, 52.5222802, 55861248.0, 0, 0, 3428.32921309215, 3412.42938152092
57, 60.7677417, 55861248.0, 0, 0, 3901.39733544323, 3887.26185126554
58, 49.2247404, 55894016.0, 0, 0, 4306.69486002772, 4204.14835987199
59, 74.4466343, 97992704.0, 0, 0, 3769.43068391521, 3742.44903864771
60, 58.6159073, 55947264.0, 0, 0, 4074.9763012365597, 4057.9510694647297
61, 66.0338955, 98217984.0, 0, 0, 3300.812147931827, 3269.870295076961
62, 59.4726428, 55996416.0, 0, 0, 4160.293067125051, 4142.4292258562
63, 67.877744, 115695616.0, 0, 81.6291896170885, 3378.47304972006, 3351.42108707818
64, 57.948447, 73887744.0, 0, 0, 4259.12585974256, 4238.344699059189
65, 67.4468662, 115630080.0, 0, 0, 4185.67142875411, 4155.915260846499
66, 68.703713, 115798016.0, 0, 0, 3227.819614927536, 3199.044046834124
67, 53.331284600000004, 73867264.0, 0, 0, 3363.8438951756098, 3345.9299376832496
68, 52.3462314, 73732096.0, 0, 0, 3750.0594508776003, 3727.77984370358
69, 50.0425537, 73523200.0, 0, 0, 4192.88914656331, 4099.24469908181
70, 69.431052, 115732480.0, 0, 0, 3326.59792406811, 3302.4703112817397
71, 57.2803567, 73482240.0, 0, 0, 4097.78154988579, 4082.5972103046297
72, 89.5954591, 115433472.0, 0, 0, 4417.085911311673, 4392.07421372524
73, 86.9310869, 115691520.0, 0, 0, 4678.51247428851, 4651.61323610984
74, 63.0579369, 115605504.0, 0, 0, 3216.6293696624884, 3184.03856839912
75, 58.6696415, 73867264.0, 0, 0, 4311.609480425508, 4232.56837227083
76, 62.6913828, 115953664.0, 0, 0, 3207.9283647627108, 3178.40535241526
77, 48.128210700000004, 73932800.0, 0, 0, 3382.5378349307302, 3365.6050809974504
78, 66.5867097, 73768960.0, 0, 0, 4230.3178843981495, 4220.0475916782
79, 87.1370981, 116027392.0, 0, 0, 3462.601187391281, 3413.7246784849767
80, 46.7758563, 73768960.0, 0, 0, 5957.56202708261, 5953.54348633679
81, 66.8234369, 115851264.0, 0, 0, 3670.6139078423294, 3645.36856087079
82, 57.497113600000006, 73818112.0, 0, 0, 3684.1447611483395, 3669.35282061732
83, 49.4410013, 73719808.0, 0, 0, 3343.42781021351, 3327.43026931673
84, 57.8912919, 73637888.0, 0, 0, 4062.0941054432597, 4036.3208965341
85, 70.41497939999999, 115777536.0, 0, 0, 3179.1862299981294, 3149.839995981637
86, 59.7111049, 73691136.0, 0, 0, 3870.90519595546, 3861.99416499394
87, 50.1653878, 73916416.0, 0, 0, 3164.64774655031, 3151.3583103930296
88, 63.389166599999996, 73789440.0, 0, 0, 4097.84972311441, 4081.73967439045
89, 89.1879965, 115703808.0, 0, 0, 3136.116018683153, 3107.8882862846
90, 58.15154080000001, 73854976.0, 0, 0, 4347.20910710449, 4333.124251081899
91, 65.4249914, 115859456.0, 0, 0, 4766.83686496473, 4747.785654355161
92, 74.9418519, 116027392.0, 0, 0, 3687.3429762570236, 3657.24197520088
93, 51.3761052, 73830400.0, 0, 0, 3745.30607527737, 3728.3263758502
94, 55.5218657, 73715712.0, 0, 0, 3685.294060494294, 3666.0207998453197
95, 52.7074482, 73822208.0, 0, 0, 3433.659416684175, 3412.75277563541
96, 64.3194311, 73961472.0, 0, 0, 5250.10223536772, 5111.5672329483405
97, 61.8783882, 115851264.0, 0, 0, 3158.526906042888, 3129.722935043459
98, 59.123172000000004, 73973760.0, 0, 0, 3657.9995057321603, 3641.6417904026102
99, 47.9237047, 73773056.0, 0, 0, 3262.40105393091, 3251.43642286096
100, 47.0371976, 73637888.0, 0, 0, 3287.2179274711298, 3267.2103374009303
101, 45.9752586, 73728000.0, 0, 0, 3129.2794868952, 3110.26563820543
102, 48.657818, 73711616.0, 0, 0, 3129.76960783589, 3110.81943128192
103, 46.2716081, 73777152.0, 0, 0, 3127.383155182546, 3106.92736284728
104, 62.0472358, 73633792.0, 0, 0, 4256.90454999146, 4242.94393647559
105, 61.095492899999996, 115847168.0, 0, 0, 3122.0585729726927, 3097.903316726484
106, 53.098107399999996, 73752576.0, 0, 0, 3209.5076284544757, 3187.1487747823803
107, 64.6685826, 73539584.0, 0, 0, 4307.812589212817, 4288.67543671966
108, 65.1478316, 115654656.0, 0, 0, 3270.23030859602, 3240.36497438212
109, 57.60751500000001, 73785344.0, 0, 0, 3104.954645392252, 3081.93291267756
110, 47.2725099, 73596928.0, 0, 0, 3358.9568648449313, 3339.96356334748
111, 47.5295813, 73723904.0, 0, 0, 4572.86570390278, 4563.83218090088
112, 72.46322989999999, 115662848.0, 0, 0, 4120.547575245573, 4073.6740998569203
113, 63.646989500000004, 115634176.0, 0, 0, 3306.786878155891, 3275.6193115734804
114, 47.3124982, 73920512.0, 0, 0, 3529.9784473260197, 3506.86099275387
115, 57.332716899999994, 73986048.0, 0, 0, 3793.68992596809, 3772.71206117331
116, 57.717075699999995, 73736192.0, 0, 0, 4474.04520189549, 4461.97224458187
117, 58.9264666, 115642368.0, 0, 0, 3061.74056766305, 3032.262732819281
118, 47.0769178, 73752576.0, 0, 0, 3379.70216380858, 3356.99985530754
119, 57.676794099999995, 73568256.0, 0, 0, 3325.23382194215, 3315.17256856539
120, 60.8829065, 73699328.0, 0, 0, 4233.45524774241, 4217.39647333192
121, 63.454540800000004, 115331072.0, 0, 0, 3062.588746273281, 3034.583387850907
122, 58.9763834, 73371648.0, 0, 0, 3490.5870484059396, 3475.83042641132
123, 45.9404047, 73396224.0, 0, 0, 3057.5724749485707, 3040.82131282541
124, 46.2874718, 73351168.0, 0, 0, 3321.88645486947, 3306.00649952732
125, 48.0000928, 73449472.0, 0, 0, 3073.437447156449, 3053.15736031392
126, 50.7773086, 73613312.0, 0, 0, 4445.39192284578, 4429.549558467021
127, 63.1311218, 115236864.0, 0, 0, 3287.3550252867635, 3250.55229897479
128, 60.6746738, 73613312.0, 0, 0, 4052.40900619122, 4042.3358825794503
129, 59.2353391, 115236864.0, 0, 0, 3858.1736615251402, 3830.12981634291
130, 53.7242501, 73654272.0, 0, 0, 3836.4663927193596, 3824.47133354066
131, 48.0988029, 73736192.0, 0, 0, 3461.21667356023, 3444.2742748497403
132, 59.1461099, 73670656.0, 0, 0, 3720.34385789715, 3701.00396190016
133, 49.137228300000004, 73543680.0, 0, 0, 3197.30889465998, 3177.2442661467003
134, 48.3005876, 73691136.0, 0, 0, 4389.316747246077, 4366.45045806693
135, 63.2993692, 115486720.0, 0, 0, 3255.6485694670455, 3221.43186613719
136, 60.1141444, 73461760.0, 0, 0, 4267.68100893972, 4260.70310272849
137, 63.447154999999995, 115380224.0, 0, 0, 3502.4711495975935, 3470.0034958749698
138, 62.7676282, 73404416.0, 0, 0, 4323.959536360956, 4308.048267711551
139, 64.73556260000001, 115343360.0, 0, 0, 4164.196228677212, 4062.92874306666
140, 67.5542201, 115560448.0, 0, 0, 3617.6952763502704, 3594.7733606451598
141, 60.217866, 73760768.0, 0, 0, 4231.4380995827305, 4213.38068433093
142, 68.9634797, 115585024.0, 0, 0, 3494.151092142738, 3462.3618392931703
143, 62.2673082, 73666560.0, 0, 0, 3745.51852868907, 3719.34699924721
144, 54.9236052, 73826304.0, 0, 0, 4176.145566592886, 4158.25569797195
145, 72.26063450000001, 115511296.0, 0, 0, 3796.02265240731, 3760.35991132995
146, 56.7975761, 73781248.0, 0, 0, 3793.67216691703, 3774.6389911199303
147, 70.5430558, 73715712.0, 0, 0, 4794.9106860539905, 4777.87540088266
148, 70.2781366, 115609600.0, 0, 0, 3675.1952175343213, 3649.6798392599503
149, 53.4196183, 73756672.0, 0, 0, 3757.0665556189, 3736.0492738622097
150, 67.6916022, 73695232.0, 0, 0, 4472.92069726511, 4463.912548035511
151, 74.666522, 115494912.0, 0, 1.9785012364133, 3807.7777306544795, 3785.75017174001
152, 57.7089024, 73781248.0, 0, 0, 4018.40463839905, 3996.27105164601
153, 75.02963059999999, 115552256.0, 0, 0, 3946.8266183488904, 3915.9689852932197
154, 64.6332448, 73678848.0, 0, 0, 5189.010827476261, 4998.33083088308
155, 77.5354058, 115544064.0, 0, 0, 3893.71074995864, 3869.74949238139
156, 59.858551999999996, 73707520.0, 0, 0, 3922.53436462242, 3905.28798923458
157, 63.989951, 73723904.0, 0, 0, 4355.2239432854, 4333.41774663278
158, 77.4801253, 115585024.0, 0, 0, 4001.0034901728905, 3969.0431305748402
159, 101.5334975, 115687424.0, 0, 0, 5220.19516395882, 5189.40643619107
160, 87.7535589, 115589120.0, 0, 0, 4370.847271208, 4341.92756486036
161, 109.97232460000001, 115527680.0, 0, 0, 5584.96716453728, 5564.03481818076
162, 83.36316059999999, 115576832.0, 0, 0, 4455.220485075839, 4425.25211614593
163, 103.3063186, 115433472.0, 0, 0, 5507.09950253062, 5477.47588216002
164, 106.29626780000001, 115249152.0, 0, 0, 5429.93462701724, 5399.96261650456
165, 103.68468189999999, 115195904.0, 0, 0, 5250.2219405732085, 5229.23690194409
166, 112.57201560000001, 115183616.0, 0, 0, 5188.9013613157695, 5258.788168198909
167, 86.9739195, 115310592.0, 0, 0, 5186.48068652755, 5165.43016217664
168, 107.1847153, 115429376.0, 0, 0, 5593.44043644473, 5569.44713561256
169, 95.02858760000001, 115265536.0, 0, 0, 4771.854788375873, 4744.8504709968
170, 104.9028247, 115130368.0, 0, 2.983239871307003, 5174.1958108384, 5148.20490689118
171, 95.88362950000001, 115068928.0, 0, 0, 5116.09079785581, 5096.10552486931
172, 85.6855516, 115101696.0, 0, 0, 4599.228597827119, 4571.78769664069
173, 109.73498239999999, 115064832.0, 0, 0, 5674.3135995464, 5653.1969829193795
174, 91.0426037, 115220480.0, 0, 0, 4694.668914325768, 4662.81992203717
175, 91.47632899999999, 115146752.0, 0, 0, 4667.08396332535, 4638.56380594044
176, 105.73190919999999, 115220480.0, 0, 0, 4856.64675262098, 4830.65355040824
177, 114.7016661, 115089408.0, 0, 0, 5882.53738579908, 5860.5801481394
178, 92.6060355, 115019776.0, 0, 0, 4745.222529865955, 4719.97602853422
179, 106.6797651, 115015680.0, 0, 0, 6146.95927984382, 6205.1812632416895
180, 193.3807224, 155336704.0, 0, 1.00065556835342, 9719.190357220421, 9618.34786603361
181, 216.294577, 205164544.0, 0, 0, 8440.196929291731, 8395.867958394969
182, 228.66702759999998, 205058048.0, 0, 0, 10598.548059959041, 10421.746232700709
183, 221.94659109999998, 204738560.0, 0, 0, 9730.976440457907, 9532.07898717101
184, 212.1272266, 204963840.0, 0, 0, 9745.580091350119, 9700.425037338531
185, 216.1717627, 204828672.0, 0, 0, 10026.945013132248, 9954.720099294149
186, 214.8706949, 205070336.0, 0, 0, 9564.48276591702, 9423.57008561016
187, 201.1184157, 205246464.0, 0, 1.9847708936281, 8986.72303455335, 9014.52013231621
188, 217.5064948, 205176832.0, 0, 0.993636490620057, 9459.80194231169, 9419.79860567418
189, 120.5388086, 205230080.0, 0, 0, 5111.698344328077, 5058.314807825713
190, 93.7058812, 115064832.0, 0, 0, 5122.61261166483, 5098.69382723929
191, 98.41030180000001, 114900992.0, 0, 0, 5034.075523864166, 4967.11628406754
192, 106.63440460000001, 114962432.0, 0, 0, 5453.2108425078495, 5425.44393192955
193, 120.3004316, 114999296.0, 0, 0, 6496.42537717711, 6472.58155868247
194, 109.5058025, 155336704.0, 0, 0, 4981.5131351111395, 4942.73665538152
195, 143.134363, 114999296.0, 0, 0, 7299.72733506867, 7365.600144063021
196, 106.8004454, 155049984.0, 0, 0, 4950.02994031704, 4912.7601148322
197, 110.9076089, 114929664.0, 0, 0, 5272.5007088607, 5364.17141211809
198, 110.9005, 114692096.0, 0, 0, 5826.177528586142, 5783.13148519029
199, 92.8212739, 114868224.0, 0, 0, 4939.7423328445, 4916.85425385772
200, 113.490184, 114806784.0, 0, 0, 5671.730066864509, 5639.60126951411
201, 97.1756748, 114700288.0, 0, 0, 5025.03450253801, 5000.20240237333
202, 116.4532106, 114634752.0, 0, 0, 5991.57196424317, 5959.62231291309
203, 97.1140274, 114823168.0, 0, 0, 4974.62513712859, 4957.60258546982
204, 96.6069914, 114913280.0, 0, 1.00251327486836, 5123.30672928269, 5078.11338790779
205, 119.1160461, 114913280.0, 0, 0, 5979.02324163758, 5940.93996929044
206, 168.069641, 114814976.0, 0, 0, 8465.219373029799, 8520.36218083951
207, 118.5723765, 204759040.0, 0, 0, 5070.876050041976, 5020.6381207576105
208, 118.9861397, 115027968.0, 0, 0, 6175.95757498092, 6147.73388024602
209, 122.88214550000001, 155213824.0, 0, 0, 8151.0433443109805, 8113.875632839739
210, 226.4063683, 204677120.0, 0, 0, 9853.49074867932, 10014.98940084988
211, 204.83054810000002, 204873728.0, 0, 0, 9232.320380636571, 9168.77330131859
212, 131.6313576, 204976128.0, 0, 0, 5379.374112678511, 5354.1377102878005
213, 116.9776429, 115400704.0, 0, 0, 6037.089025034389, 6010.915197594621
214, 105.24009049999998, 155422720.0, 0, 0, 5400.72393090753, 5366.0910938913
215, 95.9275806, 115392512.0, 0, 0, 4852.79345695528, 4825.77808318063
216, 112.9686498, 114810880.0, 0, 0, 5750.5639511010395, 5732.56533230039
217, 96.02286649999999, 114737152.0, 0, 0, 5024.735681386365, 4997.67796489668
218, 95.18652, 114851840.0, 0, 0, 5006.18822065864, 4979.16002175498
219, 111.52834709999999, 114651136.0, 0, 0, 5583.471616945961, 5566.43365667056
220, 106.2003205, 114683904.0, 0, 0, 5953.30084049554, 5924.294910942781
221, 112.7675274, 114626560.0, 0, 0, 5497.17577474078, 5611.1993836335605
222, 120.965541, 114843648.0, 0, 0, 6147.42245479675, 6125.40634868576
223, 124.6592907, 154890240.0, 0, 0, 6023.6838222242495, 5994.965813440181
224, 191.31572400000002, 154812416.0, 0, 0, 9628.70619223744, 9449.78886970458
225, 214.0413229, 204517376.0, 0, 0, 9760.17421536705, 9711.19362210505
226, 216.42978649999998, 204554240.0, 0, 0, 9407.00734458012, 9360.18635956763
227, 196.6613958, 204361728.0, 0, 0, 8466.32319964851, 8473.42162707018
228, 114.1114049, 204460032.0, 0, 0, 4818.71986880551, 4773.977524655686
229, 94.6894695, 115134464.0, 0, 0, 4782.17545215526, 4759.1407333120205
230, 103.624889, 115085312.0, 0, 0, 4961.67060774177, 4932.53136648594
231, 98.4911228, 115032064.0, 0, 0, 4766.35807226306, 4732.603816097961
232, 89.05260100000001, 114925568.0, 0, 0, 4721.2951450211895, 4689.040344265561
233, 103.98596649999999, 115048448.0, 0, 0, 5338.0943946695, 5316.83534068699
234, 96.0268521, 114855936.0, 0, 0, 9110.998246693609, 9125.05608468012
235, 107.44729749999999, 204619776.0, 0, 0, 4682.932469907559, 4648.560002193437
236, 115.1466492, 114880512.0, 0, 0, 5843.052857037261, 5823.141286542
237, 102.6194546, 114810880.0, 0, 0, 5088.2527314422005, 5068.27137448509
238, 123.88818320000001, 114954240.0, 0, 0, 6115.59292384493, 6093.5850029575395
239, 130.4572752, 154996736.0, 0, 0, 5933.54377967816, 5905.593448430701
240, 90.7799545, 114741248.0, 0, 0, 4756.06782316247, 4729.0157729801995
241, 107.9647054, 114806784.0, 0, 0, 5797.19445861439, 5774.204442102489
242, 103.7137449, 114868224.0, 0, 0, 4907.713122610579, 4881.98234017781
243, 114.0629693, 114978816.0, 0, 0, 5824.30790359114, 5796.282389390721
244, 113.0080215, 114843648.0, 0, 0, 5672.6171097766, 5644.56432998264
245, 109.5856177, 114991104.0, 0, 0, 5556.036783133841, 5524.851187195451
246, 101.9410493, 114937856.0, 0, 0, 4891.48555562199, 4860.614818445851
247, 120.0302466, 114855936.0, 0, 0, 4952.682867562195, 4927.694163850951
248, 89.8956202, 114909184.0, 0, 0, 4858.294374307239, 4832.25532776426
249, 120.2174714, 114704384.0, 0, 0, 5772.40912899754, 5745.39366668964
250, 90.6630116, 114966528.0, 0, 0, 5673.94579149806, 5653.98483388588
251, 110.5579883, 114810880.0, 0, 0, 5721.18932229219, 5705.12426830846
252, 92.6685525, 114896896.0, 0, 0, 4598.82869128655, 4564.7410639933405
253, 91.6881085, 114909184.0, 0, 0, 4703.02727459872, 4673.0143912597005
254, 86.4382852, 114827264.0, 0, 0, 4573.15226328844, 4540.08574238041
255, 91.7230282, 114733056.0, 0, 0, 4633.119736627, 4610.06441272907
256, 100.2665326, 114823168.0, 0, 0, 5010.8002612543405, 4986.71926490864
257, 89.5479779, 114958336.0, 0, 0, 5109.4537105474, 5078.10765875199
258, 101.1019905, 114925568.0, 0, 0, 5737.598515053096, 5704.32215019965
259, 91.1042904, 114839552.0, 0, 1.98359066171388, 4614.537430431965, 4586.19678091059
260, 97.5952692, 115027968.0, 0, 0, 5097.70172305798, 5074.65332497675
261, 108.74805549999999, 114978816.0, 0, 0, 4662.8829321499, 4644.684207342079
262, 86.76446, 114683904.0, 0, 0, 4448.051713121781, 4417.29335519163
263, 102.4407806, 114774016.0, 0, 0, 4954.41510215398, 4924.3760037489
264, 85.9493102, 114823168.0, 0, 0, 4745.64028216463, 4716.81250355936
265, 105.38983529999999, 114364416.0, 0, 0, 5324.62644385071, 5303.60020193992
266, 82.8070085, 114335744.0, 0, 0, 4408.115743481941, 4382.19149713394
267, 94.95344510000001, 114675712.0, 0, 0, 4803.655264310028, 4777.82347655268
268, 103.1640584, 114769920.0, 0, 0, 5161.792862991828, 5129.12945968844
269, 102.86017480000001, 114585600.0, 0, 0, 4449.22416295738, 4428.20426312013
270, 87.67182020000001, 114532352.0, 0, 0, 4719.34169913062, 4699.37819748406
271, 84.3932227, 114610176.0, 0, 0, 4637.932312108889, 4601.73754894955
272, 106.8170417, 114610176.0, 0, 0, 5426.43483253122, 5400.575993301411
273, 89.16663510000001, 114737152.0, 0, 0, 4427.85877259574, 4404.88537045891
274, 105.7563939, 114552832.0, 0, 0, 5380.56758324976, 5358.52432783968
275, 86.24858689999999, 114688000.0, 0, 0, 4411.44371075091, 4383.00239400689
276, 91.0905775, 114659328.0, 0, 0, 4713.872589752231, 4686.4092357877
277, 79.5050222, 114593792.0, 0, 0, 4212.6917977555495, 4192.71705597536
278, 104.88591120000001, 114593792.0, 0, 0, 5364.027349103693, 5337.04735608605
279, 84.0366482, 114536448.0, 0, 0, 4401.48293585898, 4375.31361463374
280, 79.86404110000001, 114593792.0, 0, 0, 4182.925014222632, 4148.8200961496905
281, 81.7033839, 114692096.0, 0, 0, 4243.25041702197, 4213.46629747142
282, 82.6818098, 114769920.0, 0, 0, 4156.08079963192, 4126.10873848309
283, 80.92622, 114667520.0, 0, 0, 4129.537014849981, 4104.21470327912
284, 77.2807862, 114601984.0, 0, 0, 4118.00635827394, 4090.96607406509
285, 78.7634017, 114638848.0, 0, 2.00890341735577, 4126.9537355157, 4105.9488608847405
286, 101.1847257, 114724864.0, 0, 0, 5178.417930481934, 5151.28463382452
287, 102.80446509999999, 114597888.0, 0, 0, 5292.62822718887, 5264.61438548132
288, 81.9984388, 114900992.0, 0, 0, 4148.20962485282, 4124.18529396696
289, 78.298709, 114933760.0, 0, 0, 4069.913581052184, 4039.3684501308303
290, 80.9170609, 115019776.0, 0, 0, 4051.4197134049828, 4023.4210016586294
291, 83.1578631, 115085312.0, 0, 0, 4304.80025156454, 4284.533238485
292, 78.1659964, 115134464.0, 0, 0, 5029.31405795242, 5018.22742718233
293, 80.1776183, 115142656.0, 0, 0, 4374.95025860694, 4344.888832315381
294, 76.55838270000001, 115253248.0, 0, 0, 3991.2305632379803, 3965.5060907992
295, 66.3465331, 73474048.0, 0, 0, 4910.799502809686, 4896.82011469274
296, 100.6865177, 115232768.0, 0, 0, 4962.9745751459095, 4941.04603620969
297, 76.81751549999998, 115134464.0, 0, 0, 4050.50728156452, 4028.63941509861
298, 75.1784221, 115277824.0, 0, 0, 3955.4224725615995, 3927.4336712538598
299, 70.1727724, 73486336.0, 0, 0, 4784.16439024597, 4770.0458851474195
300, 98.1272231, 115212288.0, 0, 0, 4970.11348829242, 4948.17464775889
301, 76.9186526, 115326976.0, 0, 0, 3913.7705518415396, 3887.10732045747
302, 74.9175157, 73580544.0, 0, 0, 5070.891442370372, 5060.94031870921
303, 81.1927632, 115122176.0, 0, 0, 3915.83703640058, 3898.4539744637204
304, 56.900960100000006, 73515008.0, 0, 0, 4790.30556757858, 4694.183289756111
305, 75.784154, 115159040.0, 0, 0, 3887.3299261007896, 3859.2842036196407
306, 76.23014540000001, 73306112.0, 0, 0, 5384.00677018946, 5367.92612016081
307, 77.7973843, 115187712.0, 0, 0, 3913.17783855864, 3891.0579807405297
308, 65.1395034, 73306112.0, 0, 0, 5272.13758757958, 5253.92975327454
309, 80.0051289, 115105792.0, 0, 0, 4244.81226993539, 4216.52802926393
310, 76.8947069, 115040256.0, 0, 0, 3872.25146288867, 3847.13975228444
311, 76.2617419, 73482240.0, 0, 0, 5029.796307090106, 5022.82406380905
312, 74.2760492, 115081216.0, 0, 0, 3884.8899182028, 3856.4754890927597
313, 57.66981010000001, 73019392.0, 0, 2.00257474043977, 3986.342413375734, 3957.51339384748
314, 58.1330693, 72933376.0, 0, 0, 5007.463386139, 4994.4283108728105
315, 94.1947439, 114864128.0, 0, 0, 4862.59533092792, 4840.60625134013
316, 77.4494722, 114966528.0, 0, 0, 3943.6551998970485, 3909.17778714411
317, 62.6726713, 73154560.0, 0, 0, 4757.606526779027, 4729.795203804921
318, 75.2157241, 115040256.0, 0, 0, 3843.0746680065304, 3813.2215053126
319, 62.5896808, 73072640.0, 0, 0, 3822.8235515002248, 3806.71051128222
320, 57.5849156, 73007104.0, 0, 0, 5053.507888979218, 4930.99504963497
321, 74.3618259, 114814976.0, 0, 0, 3818.2221673141885, 3792.0377329246794
322, 70.9918506, 73183232.0, 0, 0, 4970.54758158875, 4958.55632863008
323, 93.6186774, 115023872.0, 0, 0, 4701.54825889121, 4677.2613061321
324, 79.7473166, 115003392.0, 0, 0, 3916.0539181484965, 3883.27908714345
325, 58.3860789, 73175040.0, 0, 0, 4098.64206671435, 4083.9131177790796
326, 74.91733959999999, 114864128.0, 0, 0, 3886.65824576884, 3872.6669220205504
327, 60.214488599999996, 73011200.0, 0, 0, 3958.1726112522565, 3942.0455330163
328, 75.1807109, 73080832.0, 0, 0, 4976.74465631223, 4959.49596854405
329, 93.0770392, 115027968.0, 0, 0, 4976.403743690237, 4953.765717246721
330, 72.72148059999999, 115052544.0, 0, 0, 3767.76904202458, 3746.1110413568904
331, 72.8702324, 72953856.0, 0, 0, 4702.68014560904, 4681.98078008481
332, 95.6125537, 115068928.0, 0, 0, 4935.93874392162, 4908.75188632487
333, 91.1818896, 114839552.0, 0, 0, 4384.57444336369, 4353.51370420829
334, 74.0697897, 114716672.0, 0, 0, 4097.7511683377, 4064.68074353637
335, 73.6983745, 114814976.0, 0, 0, 3708.7793043884403, 3676.91858685635
336, 64.0867445, 73056256.0, 0, 0, 5036.2823442114695, 5012.47119447138
337, 74.3229072, 114864128.0, 0, 0, 3687.93320290689, 3659.73467431897
338, 73.6893955, 73039872.0, 0, 0, 4185.0865709913305, 4166.04501472446
339, 79.47376220000001, 114847744.0, 0, 0, 4132.49896036087, 4104.40684145004
340, 71.46349430000001, 114900992.0, 0, 1.99400688797157, 3627.8102698138, 3603.1702051417897
341, 53.7380249, 73150464.0, 0, 0, 3598.9604065846697, 3579.42221269903
342, 69.55680989999999, 72998912.0, 0, 0, 4782.276094262454, 4765.210450616471
343, 95.87220730000001, 114827264.0, 0, 0, 4658.880403249772, 4625.831915401501
344, 68.4563103, 115044352.0, 0, 0, 3580.438850868046, 3555.88080841677
345, 80.7533996, 73007104.0, 0, 0, 5212.08736108019, 5228.11366894369
346, 72.0815568, 114999296.0, 0, 0, 3570.9293864969, 3542.81172254187
347, 67.06476699999999, 73064448.0, 0, 0, 4993.24043414678, 4972.32699247362
348, 92.2060467, 114774016.0, 0, 0, 4677.99237957977, 4647.94772860875
349, 72.4735474, 114925568.0, 0, 0, 3810.14184302799, 3784.4510984247
350, 70.7302045, 73134080.0, 0, 0, 4768.36249147746, 4787.544642989709
351, 66.7252618, 114905088.0, 0, 0, 3520.15138489775, 3496.0131120220703
352, 67.7862117, 72953856.0, 0, 0, 4969.99858607466, 4948.87951057392
353, 89.6539362, 114966528.0, 0, 0, 3978.0588320199295, 3946.97226080469
354, 52.625188, 72941568.0, 0, 0, 3456.22463335974, 3439.3013551737704
355, 50.6284853, 73068544.0, 0, 0, 3468.94907784182, 3452.8050502692
356, 72.3053249, 72904704.0, 0, 0, 4667.63109305903, 4654.657124932361
357, 69.12888910000001, 114733056.0, 0, 0, 3763.9647754596253, 3736.97233457093
358, 58.0010698, 72937472.0, 0, 0, 3949.29576940496, 3928.4032836858696
359, 51.978887199999996, 73035776.0, 0, 0, 3492.0826008723598, 3474.08730780815
360, 52.432482300000004, 72966144.0, 0, 0, 3503.29869493559, 3487.48841905775
361, 67.1397651, 72835072.0, 0, 0, 4120.7737294898, 4101.15114370306
362, 83.6101259, 114630656.0, 0, 0, 3880.01831483427, 3853.0953063376696
363, 55.3681494, 72912896.0, 0, 0, 3784.95416994887, 3767.1982980495104
364, 67.8644068, 73072640.0, 0, 0, 4771.45611563898, 4759.414379849401
365, 73.531593, 114941952.0, 0, 0, 3633.54920717831, 3602.8413419831695
366, 75.6554197, 72847360.0, 0, 0, 4415.27019488549, 4402.227852255481
367, 88.96498890000001, 114569216.0, 0, 0, 4803.67994153535, 4774.7961703674
368, 84.4461467, 114823168.0, 0, 0, 4118.58331262948, 4089.35919078989
369, 71.3958388, 114958336.0, 0, 0, 3743.7832658095303, 3714.3609939091593
370, 61.3784094, 73199616.0, 0, 0, 4782.89442491136, 4767.850651305191
371, 71.70087459999999, 115011584.0, 0, 0, 4148.428272313499, 4121.54860299826
372, 92.072056, 114978816.0, 0, 0, 4851.662132874017, 4816.80069855365
373, 76.9151081, 114765824.0, 0, 0, 3866.2643432570303, 3839.5458732789302
374, 54.9003702, 73265152.0, 0, 0, 5224.50840535693, 5207.50973479416
375, 78.1672616, 114806784.0, 0, 0, 3941.225972297953, 3914.51599558925
376, 70.79278169999999, 73199616.0, 0, 0, 5220.58085985598, 5199.690470036399
377, 80.507543, 115154944.0, 0, 0, 4670.043684582425, 4634.31861972052
378, 100.86944, 115015680.0, 0, 0, 5034.527947863788, 5002.4225214308
379, 78.114147, 114982912.0, 0, 0, 4045.0921838622, 4020.9741624562903
380, 102.76543190000001, 115040256.0, 0, 0, 5118.633792868421, 5097.61908477177
381, 80.069448, 114860032.0, 0, 0, 4106.180765264723, 4074.10132228949
382, 92.9725172, 114868224.0, 0, 0, 4678.984925888541, 4655.02585535784
383, 80.7551534, 114802688.0, 0, 0, 4329.255010056032, 4297.83348180889
384, 98.460779, 114860032.0, 0, 0, 4782.8724769417295, 4759.882626790801
385, 84.31421639999999, 114601984.0, 0, 0, 4430.08157126745, 4407.044850937589
386, 87.1372848, 114733056.0, 0, 0, 4324.41516541639, 4300.41826595632
387, 100.4989008, 114556928.0, 0, 0, 5059.47274367307, 5031.49225458039
388, 87.6078121, 114483200.0, 0, 0, 4343.00963992224, 4320.15207758108
389, 85.5073859, 114581504.0, 0, 0, 4360.35372075408, 4342.139317019581
390, 119.83173289999999, 114561024.0, 0, 0, 5663.57766239665, 5700.65898234049
391, 105.5813426, 114774016.0, 0, 0, 5556.93054433599, 5532.9179993915695
392, 99.5829607, 114663424.0, 0, 0, 4978.22348580964, 4950.251032240991
393, 84.30847299999999, 114692096.0, 0, 0, 4444.963135245263, 4421.86470320603
394, 92.4944927, 114638848.0, 0, 0, 5594.31516703092, 5565.36507416498
395, 92.548474, 114720768.0, 0, 0, 4596.86661105656, 4569.0248339842
396, 89.2476341, 114647040.0, 0, 0, 4663.11795924835, 4633.1300098518095
397, 107.436176, 114708480.0, 0, 0, 5674.61546002673, 5649.71382598299
398, 109.0454218, 114851840.0, 0, 0, 5653.36828723001, 5622.7992682863205
399, 108.74334970000001, 114720768.0, 0, 2.00598702994106, 5712.16460651328, 5685.11104304071
400, 92.779707, 114728960.0, 0, 0, 4614.531598886227, 4581.5846816088
401, 114.1349673, 114659328.0, 0, 0, 5728.728384011731, 5706.86255316214
402, 112.60565, 114720768.0, 0, 0, 5722.127714004524, 5788.07524237531
403, 89.8322159, 114642944.0, 0, 0, 6132.9242610428, 6102.5882093719
404, 101.7533922, 154787840.0, 0, 0, 4622.97855552499, 4582.92069222778
405, 107.5533858, 114778112.0, 0, 0, 5830.820206674671, 5800.85745997441
406, 89.5416296, 114737152.0, 0, 0, 4629.83516204088, 4598.08993308252
407, 123.6432412, 114831360.0, 0, 0, 5878.975629307741, 5854.98803490237
408, 99.5884216, 114651136.0, 0, 0, 5290.77521852438, 5262.84011546723
409, 89.0885242, 114581504.0, 0, 0, 4645.954321788289, 4623.79239564215
410, 115.6743276, 114638848.0, 0, 0, 5799.93447315063, 5774.78708423122
411, 95.81352860000001, 114544640.0, 0, 12.08010311586632, 4669.280891295421, 4651.36805823574
412, 89.9863416, 114401280.0, 0, 0, 4714.50853612807, 4687.4997957334
413, 117.5437321, 114380800.0, 0, 0, 6315.88573068219, 6286.83108518333
414, 103.7300583, 154550272.0, 0, 0, 7023.835580754199, 7121.72729690457
415, 117.0976968, 154210304.0, 0, 0, 5873.611969451391, 5833.67629440428
416, 94.073206, 114372608.0, 0, 0, 4751.39416764308, 4723.34470000465
417, 94.5174993, 114495488.0, 0, 0, 4728.40112547192, 4708.03332842746
418, 91.2214251, 114487296.0, 0, 0, 4778.458270172628, 4746.46838090701
419, 90.9433014, 114470912.0, 0, 0, 6009.30777342459, 5991.28565584357
420, 118.80939380000001, 154308608.0, 0, 0, 5433.67568960069, 5410.68142239242
421, 107.4691264, 114434048.0, 0, 0, 6429.125836361451, 6414.17123320631
422, 124.85533079999999, 154558464.0, 0, 0, 5505.904019640217, 5472.144833923499
423, 118.35013889999999, 114434048.0, 0, 0, 5977.811323406139, 5952.87036808991
424, 103.97002849999998, 114438144.0, 0, 0, 5279.465677999, 5285.49335452675
425, 123.0197209, 114368512.0, 0, 0, 6297.68862613378, 6275.65159794375
426, 108.7307681, 154398720.0, 0, 1.99364857440467, 5057.81312292064, 5027.1301498557095
427, 149.18306210000003, 114626560.0, 0, 0, 7196.478335247648, 7313.3324208337
428, 150.1605523, 154574848.0, 0, 0, 7016.67904346278, 6986.73156509195
429, 101.38544259999999, 154525696.0, 0, 0, 4786.001271631981, 4750.35912553295
430, 91.92010189999999, 114290688.0, 0, 0, 4784.505152556742, 4755.87380643985
431, 113.51585560000001, 114335744.0, 0, 0, 5959.947008389539, 5934.938832940101
432, 96.445532, 114491392.0, 0, 0, 5239.84142755825, 5217.52695599257
433, 123.32053720000002, 114454528.0, 0, 0, 6384.17526603112, 6357.26737148543
434, 107.72338859999999, 154537984.0, 0, 0, 5078.210974035021, 5038.8692791634
435, 106.96346009999999, 114425856.0, 0, 0, 5327.88748768575, 5304.41670841424
436, 114.6246991, 114397184.0, 0, 0, 5852.8569368131375, 5821.76194258296
437, 103.4755045, 114053120.0, 0, 0, 5015.198585590741, 5000.35184285741
438, 93.9334115, 114118656.0, 0, 0, 4763.4597181164, 4740.02455771538
439, 113.92795100000001, 114323456.0, 0, 0, 5759.09517767492, 5738.160226588319
440, 95.2534864, 114393088.0, 0, 0, 4746.189389113837, 4719.46997907125
441, 105.1263355, 114446336.0, 0, 0, 5244.432008500971, 5221.47813477348
442, 93.4688712, 114372608.0, 0, 0, 4741.82501132719, 4717.75531590838
443, 107.0061613, 114339840.0, 0, 0, 5427.862963918403, 5402.83588744647
444, 93.3268521, 114171904.0, 0, 0, 4736.20107357931, 4711.80766457623
445, 130.7196335, 114167808.0, 0, 0, 6598.341173005673, 6575.5190100248
446, 121.68033639999999, 154357760.0, 0, 0, 5737.523779004529, 5702.89528751999
447, 136.005251, 114372608.0, 0, 0, 6151.674359105835, 6277.32290577548
448, 193.0284202, 154296320.0, 0, 0, 9565.04261711959, 9537.920240075091
449, 211.8024931, 209539072.0, 0, 0, 9328.777567946328, 9275.9318529442
450, 219.79033650000002, 209592320.0, 0, 0, 9607.129442011994, 9577.14777611627
451, 227.82706040000002, 209432576.0, 0, 0, 9754.13764467609, 9707.20901004603
452, 135.8785165, 209543168.0, 0, 2.00383290664944, 5687.540444329466, 5636.128707355359
453, 98.2201521, 114864128.0, 0, 0, 4952.455178767152, 4914.1426658521505
454, 110.2193154, 114814976.0, 0, 0, 5699.2928001358005, 5677.30330586371
455, 103.60245040000001, 114909184.0, 0, 0, 5404.782859436238, 5378.17739631373
456, 90.86501480000001, 114974720.0, 0, 0, 5385.428506618529, 5394.459576626909
457, 96.8667567, 114745344.0, 0, 0, 4877.415367187829, 4852.52062290767
458, 103.15481, 114008064.0, 0, 1.97640686580498, 5324.819493591102, 5300.8428799659305
459, 108.70588140000001, 114364416.0, 0, 0, 4997.64350713617, 4973.749978427571
460, 105.3128179, 114364416.0, 0, 0, 5148.50940872124, 5122.42085773504
461, 80.7913106, 114450432.0, 0, 0, 4337.667754461821, 4314.38861773132
462, 108.0351189, 114438144.0, 0, 0, 5468.502000317441, 5437.3286629919
463, 100.12516310000001, 114372608.0, 0, 0, 5156.86269308232, 5132.05482968056
464, 82.4025976, 114237440.0, 0, 0, 4400.01117636218, 4369.67326689002
465, 103.48289489999999, 114106368.0, 0, 0, 5163.48614191482, 5147.39751043506
466, 81.9087425, 114241536.0, 0, 0, 4192.39856822806, 4162.92492239423
467, 104.5341881, 114360320.0, 0, 0, 5329.095123263722, 5306.73415717613
468, 83.531615, 114425856.0, 0, 0, 4263.18980326798, 4231.07538092547
469, 89.9626945, 114262016.0, 0, 0, 4285.89515756527, 4273.7422465923
470, 87.7665076, 114892800.0, 0, 0, 4230.18637236156, 4206.264107213739
471, 93.1032241, 114601984.0, 0, 0, 4124.22368194652, 4094.3596006485695
472, 78.1267176, 114634752.0, 0, 0, 4033.26717832539, 4007.78724109631
473, 81.80994530000001, 114745344.0, 0, 0, 4027.814241537824, 3995.76805845157
474, 105.75838680000001, 114810880.0, 0, 0, 5195.825835205999, 5172.01866041949
475, 79.91168540000001, 114843648.0, 0, 0, 3996.3312165502202, 3965.3823924442804
476, 61.123150499999994, 73117696.0, 0, 0, 4157.55126743531, 4136.7239523953795
477, 94.79496900000001, 114900992.0, 0, 0, 5102.2391290201995, 5071.33446589222
478, 99.89955499999999, 114565120.0, 0, 0, 5162.514146752081, 5140.520323359329
479, 79.7890105, 114724864.0, 0, 0, 4117.886260224979, 4091.81635225276
480, 80.0636254, 114868224.0, 0, 0, 4255.54075694985, 4201.67285101637
481, 92.5573181, 114876416.0, 0, 0, 4960.559866310408, 4940.51326708073
482, 77.681611, 114909184.0, 0, 0, 4126.432233435098, 4096.60935804625
483, 78.6570067, 114761728.0, 0, 0, 4102.26341038531, 4085.2790066073003
484, 83.8190578, 114876416.0, 0, 0, 4169.400118464169, 4155.28718781426
485, 77.6687009, 114868224.0, 0, 0, 3981.3093849092697, 3942.16034109969
486, 61.651687700000004, 73203712.0, 0, 0, 4713.92180777125, 4696.88586136122
487, 75.1518734, 114900992.0, 0, 0, 3959.90098312789, 3940.09132635892
488, 57.1539881, 73297920.0, 0, 0, 3885.5450159518477, 3865.13805128203
489, 73.3795542, 73187328.0, 0, 0, 4623.44698544793, 4610.44560992822
490, 96.5352903, 114819072.0, 0, 0, 5014.88806919425, 4988.02850857424
491, 74.9557455, 114651136.0, 0, 0, 3864.161379855424, 3834.8270772594997
492, 59.030985099999995, 73293824.0, 0, 0, 3848.89598941215, 3831.84779290507
493, 62.9098308, 73187328.0, 0, 0, 4527.34692449998, 4487.30154847416
494, 75.931945, 114835456.0, 0, 0, 3858.211983451676, 3826.58762257443
495, 68.12442370000001, 73109504.0, 0, 0, 4807.02334312923, 4791.04324351262
496, 72.8129573, 114962432.0, 0, 0, 3855.836738226257, 3823.4960664996797
497, 56.4120551, 73216000.0, 0, 0, 3836.68413862528, 3819.66326786082
498, 67.46639429999999, 73166848.0, 0, 0, 4411.37067539106, 4391.38803618458
499, 75.3915756, 114610176.0, 0, 0, 3979.00210139444, 3951.24633102222
500, 74.1688702, 72978432.0, 0, 0, 5041.449794843574, 5026.3496038422
501, 73.2980096, 114786304.0, 0, 0, 4537.31293204264, 4461.032709160911
502, 101.7706034, 114802688.0, 0, 0, 4988.928601306388, 4968.34140344949
503, 74.9948993, 114737152.0, 0, 0, 3846.3594033170502, 3817.16690024709
504, 66.2228094, 73129984.0, 0, 0, 4832.234283632806, 4808.228344098479
505, 72.4906829, 114741248.0, 0, 0, 3826.4128274033, 3799.41946561633
506, 72.0170743, 73117696.0, 0, 0, 5001.37551908607, 4978.3499579338495
507, 74.95511210000001, 114450432.0, 0, 0, 4194.82700318094, 4172.85413385283
508, 74.82604950000001, 114479104.0, 0, 0, 3818.6138275611, 3792.7520444599795
509, 60.0317431, 73048064.0, 0, 0, 4301.27470914244, 4281.273508621491
510, 76.317722, 114573312.0, 0, 0, 4223.910945504683, 4247.63401224759
511, 84.9499381, 114540544.0, 0, 0, 4621.26158060979, 4593.53594701754
512, 81.6860223, 114339840.0, 0, 0, 4154.314679563109, 4129.25832405045
513, 82.58348219999999, 114573312.0, 0, 0, 4367.33209064493, 4345.38104416399
514, 75.5299225, 114671616.0, 0, 0, 3886.57486295772, 3861.56470082523
515, 74.0732516, 73080832.0, 0, 0, 5904.75663344932, 5859.84383795392
516, 94.6806455, 114638848.0, 0, 0, 4927.72499043657, 4897.49409749818
517, 75.2061867, 114536448.0, 0, 0, 3874.4309673959506, 3846.3118817896097
518, 55.1883658, 73031680.0, 0, 0, 3738.7855606089297, 3718.89845816705
519, 58.0449251, 73060352.0, 0, 0, 3876.6312215447997, 3858.6374606896998
520, 53.5590469, 72978432.0, 0, 0, 3802.86913685757, 3786.8232213909205
521, 54.949406999999994, 73027584.0, 0, 0, 3653.3397260268753, 3631.337496921
522, 65.16028399999999, 73080832.0, 0, 0, 5066.14404093839, 5030.435427877939
523, 94.95021890000001, 114737152.0, 0, 0, 4653.3395307214, 4634.2973106053205
524, 68.9947793, 114683904.0, 0, 0, 3640.7705214447697, 3614.0221093101
525, 57.5982808, 73056256.0, 0, 0, 3876.3016590576, 3858.03131672962
526, 53.044177, 73060352.0, 0, 0, 3621.77729143422, 3606.91775537212
527, 58.3254549, 73191424.0, 0, 0, 5132.844489580009, 5116.92273250558
528, 81.70694660000001, 114860032.0, 0, 0, 4287.811406202642, 4263.54673510857
529, 68.46118849999999, 114921472.0, 0, 0, 3604.8333671515798, 3574.65905000782
530, 54.494366, 73142272.0, 0, 0, 3866.0216771178602, 3847.7235340859997
531, 61.6613646, 73039872.0, 0, 0, 4305.9148317198, 4290.873034083401
532, 93.4111246, 114724864.0, 0, 0, 4738.09511690098, 4714.14542310606
533, 69.445321, 114987008.0, 0, 0, 3567.46281062335, 3543.40580817943
534, 63.8915766, 73043968.0, 0, 1.00120109987033, 3535.0983051449202, 3517.63350979434
535, 65.3414131, 72974336.0, 0, 0, 4359.73786488388, 4343.75687247106
536, 69.0274478, 114700288.0, 0, 0, 3528.81011806679, 3504.33281898255
537, 57.0318657, 73035776.0, 0, 0, 4492.79091536958, 4474.73539046045
538, 69.61049879999999, 114864128.0, 0, 0, 3666.64959799973, 3638.91670215143
539, 65.255607, 73121792.0, 0, 0, 4705.5186274875905, 4687.5431084219
540, 78.1325075, 114704384.0, 0, 0, 3789.4216470312404, 3762.31861364029
541, 85.9382971, 73113600.0, 0, 0, 5238.68422409469, 5226.59425275563
542, 80.32398520000001, 114851840.0, 0, 0, 4098.479129829201, 4075.24967717835
543, 88.1915919, 114614272.0, 0, 0, 4527.47255781738, 4511.39942514975
544, 68.3950385, 114884608.0, 0, 0, 4169.228906779308, 4138.70299209433
545, 69.23366469999999, 115052544.0, 0, 0, 3547.8163547349245, 3520.7720393834998
546, 63.8413715, 73203712.0, 0, 0, 4656.75564280856, 4640.72894907482
547, 82.216321, 115007488.0, 0, 0, 4043.4928330945804, 4023.49040826933
548, 69.0898922, 114970624.0, 0, 0, 3584.743895612794, 3557.61812896755
549, 56.7622451, 73199616.0, 0, 0, 3539.63670531921, 3527.55873472488
550, 57.6342621, 73232384.0, 0, 0, 3829.8653291293103, 3811.66646366595
551, 53.2407228, 73076736.0, 0, 0, 3795.19077407933, 3775.2474458012803
552, 52.9754833, 73097216.0, 0, 0, 3507.19587929523, 3490.08263412849
553, 61.5453973, 73039872.0, 0, 0, 4083.0339909040504, 4072.00976667118
554, 67.2340733, 114876416.0, 0, 0, 3501.983243201944, 3472.27324102446
555, 71.7138896, 72962048.0, 0, 0, 4536.582335288343, 4574.04649520995
556, 72.50033930000001, 114417664.0, 6.99604195953037, 85.88259357416945, 3548.1201847256552, 3526.0943114364663
557, 69.8162466, 60846080.0, 0, 0, 4674.51672317272, 4666.55759986088
558, 67.65250739999999, 102162432.0, 0, 0, 3645.0699950439102, 3622.9911859762406
559, 69.9031729, 61001728.0, 0, 0, 4575.9683064663295, 4562.8827032748595
560, 79.7665567, 102535168.0, 0, 0, 4112.47019286268, 4082.99717462647
561, 70.6904518, 102678528.0, 0, 2.02006473382711, 3481.9137757779017, 3455.17964478257
562, 60.6717268, 61001728.0, 0, 0, 4279.23670426104, 4264.20468935801
563, 66.66773269999999, 102670336.0, 0, 0, 3457.13563207773, 3434.08798698942
564, 71.8766582, 61145088.0, 0, 0, 4593.7229857012, 4585.86156321165
565, 67.0426383, 102469632.0, 0, 0, 5251.9566612012, 5249.9511617259
566, 92.1279954, 102690816.0, 0, 0, 4586.53780013574, 4559.30906620488
567, 84.5951712, 102617088.0, 0, 0, 4235.85607090593, 4208.92679508627
568, 77.51447639999999, 102780928.0, 0, 0, 3505.24996466631, 3475.11893229064
569, 57.053687, 61100032.0, 0, 0, 4443.33871757321, 4429.27110870113
570, 66.8928866, 102580224.0, 0, 0, 3425.44817893073, 3402.67195891311
571, 63.7784846, 61083648.0, 0, 0, 4406.91049749638, 4392.9136248717405
572, 87.1480009, 102678528.0, 0, 0, 4197.31950206056, 4173.0752601943805
573, 75.16112179999999, 102592512.0, 0, 0, 4095.37982969722, 4067.5404281274896
574, 66.4909331, 102498304.0, 0, 0, 3376.70137607384, 3345.59354251658
575, 52.805305600000004, 61034496.0, 0, 0, 3352.2078516493702, 3336.1690564994096
576, 67.3128544, 61009920.0, 0, 0, 4710.88074474899, 4697.039697587819
577, 64.6127053, 102477824.0, 0, 0, 3522.29673172088, 3496.4362003769797
578, 55.897358499999996, 61050880.0, 0, 0, 4124.52492934765, 3974.74921711601
579, 92.2389556, 102055936.0, 0, 0, 4407.1696358147, 4383.108666798251
580, 68.6753775, 101949440.0, 0, 0, 3534.2561479473497, 3505.24533331619
581, 63.6141578, 61116416.0, 0, 0, 4817.49748893192, 4799.37837252107
582, 73.415188, 101978112.0, 0, 0, 3306.875108142932, 3280.115470923315
583, 65.9256627, 61038592.0, 0, 0, 4283.94715300262, 4266.9712827761505
584, 65.0767728, 102203392.0, 0, 0, 3369.1706405183104, 3345.339143579154
585, 62.1074647, 61071360.0, 0, 0, 3603.55368736635, 3613.69334960123
586, 47.5025429, 60973056.0, 0, 0, 3510.11330389093, 3493.22801060879
587, 56.4115345, 60952576.0, 0, 0, 4050.28700537058, 4034.38384467007
588, 68.6974113, 102195200.0, 0, 0, 3499.83963348398, 3480.6646907080603
589, 70.23074679999999, 61120512.0, 0, 0, 4890.303477615285, 4872.35370522548
590, 64.4387974, 102199296.0, 0, 0, 3332.16742992531, 3307.77825046256
591, 50.1951619, 60977152.0, 0, 0, 3333.226627947114, 3314.2708759775696
592, 65.2398207, 61009920.0, 0, 0, 4493.58160539583, 4472.63521552808
593, 90.46738149999999, 102277120.0, 0, 0, 4566.037970528921, 4541.20709804529
594, 68.1440647, 102043648.0, 0, 0, 3461.1546059593097, 3441.26347150113
595, 55.994770599999995, 61042688.0, 0, 0, 4491.7025472728365, 4510.73430345645
596, 68.09873639999999, 102121472.0, 0, 0, 3509.7835835935, 3485.48031760594
597, 69.5556713, 61001728.0, 0, 0, 4608.5957188434695, 4590.59337193564
598, 84.68588510000001, 102076416.0, 0, 0, 4451.36473443356, 4427.52351974292
599, 67.1218257, 102207488.0, 0, 0, 3560.088240002, 3531.18666158588
600, 61.675548899999995, 61108224.0, 0, 0, 3913.776547753728, 3893.86460461352
601, 61.775209100000005, 60989440.0, 0, 0, 4294.594458542069, 4280.42117287143
602, 71.4460288, 102121472.0, 0, 0, 3609.30110240878, 3578.97063882897
603, 97.74040319999999, 61026304.0, 0, 0, 3625.12178679939, 3602.3537819736102
604, 67.5700331, 60956672.0, 0, 0, 4666.848004168089, 4643.84389399334
605, 69.6523584, 102002688.0, 0, 1.00237495919439, 3692.4922148234987, 3664.4387984293
606, 62.57375449999999, 61140992.0, 0, 0, 3997.4916792067897, 3978.47983955747
607, 65.05026000000001, 61014016.0, 0, 0, 4351.177699515894, 4333.9312868374
608, 79.5851876, 101765120.0, 0, 0, 4025.9802987635403, 4004.9753551304
609, 82.5045873, 101933056.0, 0, 0, 4353.57387918244, 4327.6832984164
610, 74.14942049999999, 101888000.0, 0, 0, 3863.238133488476, 3836.2715548983497
611, 72.4164717, 60960768.0, 0, 0, 5309.70841350726, 5291.78710282914
612, 89.3390088, 102088704.0, 0, 0, 4332.08265812008, 4313.10421134758
613, 76.5338342, 102199296.0, 0, 0, 4007.0185318800304, 3980.9791726443
614, 101.3389373, 102170624.0, 0, 0, 5146.42525766764, 5117.87775921071
615, 80.60334259999999, 102219776.0, 0, 0, 4473.98439762854, 4450.16598314191
616, 82.9731781, 101953536.0, 0, 0, 4144.62795706305, 4121.17567952179
617, 107.941585, 101994496.0, 0, 0, 5390.02143007364, 5364.054977132069
618, 98.222062, 102055936.0, 0, 0, 4971.418273802233, 4946.3953909210195
619, 104.5379157, 101830656.0, 0, 0, 5444.648560091719, 5405.76535830144
620, 111.69856190000002, 101859328.0, 0, 0, 5250.0368226231, 5220.7575864706905
621, 83.17241519999999, 102006784.0, 0, 0, 4334.74819679186, 4308.7076458805695
622, 85.6417991, 101818368.0, 0, 0, 4357.293448652161, 4334.17496448691
623, 109.2658448, 101654528.0, 0, 0, 5478.12198938222, 5456.3007657403605
624, 99.1333084, 101703680.0, 0, 0, 5436.629392479181, 5409.90169364895
625, 86.0795487, 101847040.0, 0, 0, 4736.964147246834, 4707.00310601358
626, 88.31488780000001, 101789696.0, 0, 0, 4762.00961471879, 4732.0852814746695
627, 103.5617106, 101842944.0, 0, 0, 5081.61369994024, 5053.46078398218
628, 103.829871, 101818368.0, 0, 0, 5371.25877720684, 5341.19614620933
629, 92.247356, 101883904.0, 0, 0, 4565.16115071932, 4534.0579574772
630, 97.9554975, 101924864.0, 0, 0, 5754.532389480275, 5734.537333451381
631, 97.8838386, 101691392.0, 0, 0, 4840.059493103005, 4875.87457409944
632, 111.18478189999999, 101548032.0, 0, 0, 5763.93883703773, 5736.21324456955
633, 92.30533249999999, 101646336.0, 0, 0, 4663.91765065031, 4640.0227273193395
634, 102.45574859999999, 101793792.0, 0, 0, 5203.01702958412, 5182.06107323906
635, 94.0281485, 101662720.0, 0, 0, 4678.05184893299, 4654.58982481598
636, 116.04665080000001, 101781504.0, 0, 0, 5790.683589158546, 5761.62992075552
637, 94.0726963, 101961728.0, 0, 0, 4686.59104229686, 4671.64026549268
638, 139.8112478, 101416960.0, 0, 1.00477056250003, 7276.410387358419, 7245.66635518019
639, 127.30851179999999, 141131776.0, 0, 0, 5839.98018460489, 5802.09123120812
640, 112.1091583, 101482496.0, 0, 0, 5835.99366407709, 5816.99066062646
641, 88.8524904, 101519360.0, 0, 0, 4730.1847115061, 4701.15287499539
642, 102.4429562, 101388288.0, 0, 0, 5327.55304110603, 5293.54957679781
643, 141.7517986, 101638144.0, 0, 0, 7025.35913926621, 6996.477201835371
644, 100.04933899999999, 141504512.0, 0, 0, 4711.688555149046, 4669.4021902903805
645, 105.9935481, 101355520.0, 0, 0, 5151.17107614563, 5134.25605369788
646, 90.7932947, 101371904.0, 0, 0.99094644225429, 4743.78735976044, 4723.76296868513
647, 111.9133544, 101384192.0, 0, 0, 5918.57747213427, 5880.494762377841
648, 172.55372219999998, 101498880.0, 0, 0, 8588.03997501145, 8566.09071217079
649, 207.81238430000002, 196059136.0, 0, 0, 8836.37695775558, 8592.44285865854
650, 200.9932675, 195858432.0, 0, 0, 9581.43911770563, 9460.119128778571
651, 214.47866979999998, 196112384.0, 0, 0, 9450.74424400821, 9419.76224080393
652, 225.68513850000002, 196489216.0, 0, 0, 9742.81993727342, 9717.97616108936
653, 139.8506064, 195768320.0, 0, 0, 5878.12109481983, 5859.22380791764
654, 104.0467878, 101974016.0, 0, 0, 5168.06102853066, 5138.14748281643
655, 93.4746669, 101994496.0, 0, 0, 4700.70748291565, 4672.7685703591
656, 111.1680921, 101793792.0, 0, 0, 5845.233158102966, 5822.8723800178195
657, 114.5546186, 101625856.0, 0, 0, 5630.273212350254, 5602.13163730554
658, 104.160899, 101756928.0, 0, 0, 5078.4346981624, 5057.424135974
659, 157.2589696, 101548032.0, 0, 0, 8215.05314970524, 8215.05477232331
660, 113.7207857, 196550656.0, 0, 0, 4774.040604878184, 4731.112590138125
661, 91.4845777, 101978112.0, 0, 0, 4764.49897068073, 4732.25876692392
662, 101.65099980000001, 101740544.0, 0, 0, 5552.45582387422, 5521.24053932558
663, 104.64926009999999, 101310464.0, 0, 0, 5754.991054449911, 5737.40149053092
664, 88.9883797, 101511168.0, 0, 0, 4748.92157515795, 4718.084473638681
665, 101.1584987, 101613568.0, 0, 0, 5251.36637631775, 5221.82546880112
666, 93.751543, 101621760.0, 0, 0, 4797.77514754307, 4776.48320558449
667, 117.20830029999999, 101396480.0, 0, 0, 5850.92094720157, 5841.8843092906
668, 91.7250557, 101687296.0, 0, 0, 4771.17751036799, 4751.42825214092
669, 95.728424, 101588992.0, 0, 0, 5170.167771860852, 5139.13670732648
670, 99.22753, 101679104.0, 0, 0, 5275.330342523141, 5266.45597503699
671, 112.7497356, 101679104.0, 0, 0, 5977.82808461055, 5956.67647969037
672, 108.57061540000001, 101642240.0, 0, 0, 5061.71349686314, 5030.5241404312
673, 137.1126543, 101539840.0, 0, 0, 6979.03124104282, 7080.731866219579
674, 141.339152, 141266944.0, 0, 0, 6436.345057657971, 6398.2355358164905
675, 102.3031879, 141500416.0, 0, 0, 5190.16052482994, 5170.13229411802
676, 101.0828196, 101670912.0, 0, 0, 5310.50446964704, 5287.84331132844
677, 95.3941706, 101490688.0, 0, 0, 5013.27481260664, 4984.19202564816
678, 97.7140342, 101408768.0, 0, 0, 5181.73480984852, 5151.30580257714
679, 112.212472, 101416960.0, 0, 0, 5821.9008532782, 5795.18584220632
680, 93.3805356, 101597184.0, 0, 0, 5754.60858866367, 5766.59421049597
681, 93.3066043, 101371904.0, 0, 0, 4807.55841529518, 4780.300525895051
682, 109.2375188, 101351424.0, 0, 0, 5411.37733397907, 5389.33059590203
683, 118.8385258, 101515264.0, 0, 0, 6109.13524762967, 6097.18758365737
684, 135.1858709, 141410304.0, 0, 0.976745098122941, 5832.2901263369895, 5785.83069665077
685, 97.055946, 101597184.0, 0, 0, 4847.139954964308, 4817.18836974058
686, 88.8735552, 101539840.0, 0, 0, 4761.57319113516, 4728.33207966753
687, 106.87192519999999, 101527552.0, 0, 0, 4738.31798217333, 4708.416308437219
688, 113.9361439, 101675008.0, 0, 0, 5914.99273992322, 5884.97268885193
689, 113.5742781, 101642240.0, 0, 0, 5914.81885923449, 5888.87225179876
690, 94.43850330000001, 101621760.0, 0, 0, 4823.0557305243, 4806.98877707945
691, 93.4031775, 101617664.0, 0, 0, 4975.214058251315, 4944.8533289222705
692, 105.4221722, 101683200.0, 0, 0, 8130.78706924207, 8115.824241737049
693, 217.00065999999998, 196251648.0, 0, 0, 9524.66771363278, 9570.59004217864
694, 190.66190690000002, 196689920.0, 0, 0, 9282.82794267605, 9272.76666408894
695, 208.0244713, 196706304.0, 0, 0, 8751.82723008019, 8692.33229535515
696, 205.3968542, 196055040.0, 0, 0, 9533.136222748108, 9396.36516191044
697, 211.57524769999998, 196358144.0, 0, 0, 9458.97811538355, 9165.340127185871
698, 214.49028899999996, 196374528.0, 0, 0, 9977.03642595149, 9779.28108823547
699, 136.07562719999999, 196247552.0, 0, 1.00570901261584, 5662.9811184571, 5616.800432975379
700, 90.3471304, 101867520.0, 0, 0, 4646.35650021782, 4621.23015415597
701, 108.308153, 102027264.0, 0, 0, 5750.95587898547, 5739.98080880008
702, 93.1930212, 101437440.0, 0, 0, 5147.789842803701, 5130.72070226048
703, 100.0217351, 101502976.0, 0, 0, 5313.860705634253, 5290.71320412574
704, 90.93309409999999, 101535744.0, 0, 0, 4658.216463476299, 4626.97424341347
705, 105.88666309999999, 101425152.0, 0, 0, 5616.28891820989, 5589.37790958775
706, 89.758419, 101199872.0, 0, 0, 4581.475405073195, 4543.18290329963
707, 107.1126625, 101412864.0, 0, 0, 5731.493316187109, 5699.40120121975
708, 93.6253264, 101253120.0, 0, 0, 4959.56301609684, 4929.3342682219
709, 105.0943038, 101470208.0, 0, 0, 5741.946242431912, 5722.99920138785
710, 103.87910500000001, 101408768.0, 0, 0, 5213.46225112816, 5189.15706747741
711, 100.6774422, 101523456.0, 0, 1.99820888403568, 4907.3956282852, 4941.502287542709
712, 104.12526020000001, 101646336.0, 0, 0, 5497.832739773, 5466.77141104833
713, 100.16830780000001, 101482496.0, 0, 0, 4854.22199123318, 4828.27431920171
714, 87.80491810000001, 101343232.0, 0, 0, 4552.08577138018, 4537.1018911702995
715, 89.4751737, 101441536.0, 0, 0, 5033.721808577389, 5009.83226388765
716, 89.6138318, 101330944.0, 0, 0, 4570.364093522687, 4542.79260924142
717, 109.43893019999999, 101457920.0, 0, 0, 5859.783707656739, 5845.87261911957
718, 99.66574120000001, 101425152.0, 0, 0, 4820.10592366032, 4793.82762674052
719, 93.150811, 101494784.0, 0, 0, 4920.01805231976, 4890.51382419096
720, 90.9245847, 101498880.0, 0, 0, 4710.7975257137, 4693.87716466471
721, 86.0536114, 101703680.0, 0, 0, 4497.4295377012595, 4462.285988828109
722, 107.6136285, 101339136.0, 0, 0, 5552.01727583384, 5526.74408148353
723, 97.7183672, 101371904.0, 0, 0, 5028.50121856201, 5011.34298200298
724, 93.06996029999999, 101527552.0, 0, 0, 4679.63124773869, 4659.49955031824
725, 107.0557941, 101433344.0, 0, 0, 5548.311435073861, 5534.32844166412
726, 85.5020712, 101400576.0, 0, 0, 4401.925695090841, 4365.95912103502
727, 82.9280387, 101502976.0, 0, 0, 4342.84207032891, 4315.71857679569
728, 102.844094, 101707776.0, 0, 0, 5232.28544152345, 5209.92090089048
729, 101.49336, 101617664.0, 0, 0, 5201.037074245174, 5167.05637264724
730, 104.64092269999999, 101404672.0, 0, 0, 5410.2065579063, 5370.10195983351
731, 82.60566449999999, 101363712.0, 0, 0, 4405.09545930638, 4371.04825285416
732, 104.9013957, 101490688.0, 0, 0, 5824.286213503105, 5788.50430345594
733, 83.02012930000001, 101449728.0, 0, 0, 4230.584078153744, 4200.75147618388
734, 102.9420996, 101580800.0, 0, 0, 5363.35728111038, 5344.34885974338
735, 95.97901519999999, 101613568.0, 0, 0, 5153.33293929134, 5135.26164778735
736, 85.53596859999999, 101445632.0, 0, 0, 4194.131962396243, 4160.05782085999
737, 91.6977876, 101380096.0, 0, 0, 4694.619290636639, 4653.70084409304
738, 80.7374256, 101511168.0, 0, 0, 4153.781196213637, 4132.0857516647
739, 91.0545157, 101691392.0, 0, 0, 4711.0304815463205, 4676.53281073926
740, 82.14880720000001, 101793792.0, 0, 0, 4133.346672968741, 4107.10358679338
741, 80.6575663, 101724160.0, 0, 0, 4780.6784101179055, 4752.7037707736
742, 79.8820582, 101715968.0, 0, 0, 4132.14400793532, 4101.20309526505
743, 87.31566430000001, 101474304.0, 0, 0, 4651.64477882348, 4627.70828024912
744, 81.0529661, 101646336.0, 0, 0, 4771.45185605392, 4756.12596197865
745, 81.94394159999999, 101580800.0, 0, 0, 4078.5339160682197, 4048.7710211348103
746, 79.7150035, 101666816.0, 0, 0, 4046.7984760973804, 4024.85917095226
747, 79.05075360000001, 101859328.0, 0, 0, 4278.0219017452755, 4253.0215015851
748, 78.45639740000001, 101920768.0, 0, 0, 4025.18738730962, 3995.39315216254
749, 79.2609056, 101900288.0, 0, 0, 4305.22519949751, 4288.32287155891
750, 103.070359, 101851136.0, 0, 0, 4962.7002251818585, 4937.46774538059
751, 80.13819480000001, 101621760.0, 0, 0, 4158.6734110914, 4137.65989920192
752, 87.3862633, 101871616.0, 0, 0, 4451.32601421893, 4429.26553087271
753, 81.260493, 101871616.0, 0, 0, 4216.2233695150935, 4190.3824511426
754, 90.3238847, 101969920.0, 0, 0, 5181.707637348605, 5144.723857107971
755, 79.3657722, 101945344.0, 0, 0, 3992.0850039793295, 3968.8044467536697
756, 59.9678561, 61067264.0, 0, 0, 3983.816148417057, 3965.81237249585
757, 59.6150874, 60997632.0, 0, 0, 3970.1045113089885, 3950.10404362779
758, 57.2483934, 60833792.0, 0, 0, 3982.4859723792, 3968.40616417572
759, 67.4938333, 60862464.0, 0, 0, 4620.75456088242, 4609.7740362759505
760, 103.7779927, 102080512.0, 0, 0, 5164.312409655562, 5135.36716052019
761, 75.6719477, 102060032.0, 0, 0, 3956.2307531360902, 3928.0607856632396
762, 73.0990666, 60985344.0, 0, 0, 4974.71893100669, 4960.67736723827
763, 78.3633667, 101847040.0, 0, 0, 3956.5333072703343, 3928.90666996773
764, 74.5180423, 60796928.0, 0, 0, 5019.44580933178, 5003.26110794871
765, 77.68348280000001, 101715968.0, 0, 0, 3930.5018362599103, 3907.80217402376
766, 68.808329, 60682240.0, 0, 0, 4721.595568153058, 4699.666814524089
767, 74.1999855, 101883904.0, 0, 0, 4092.8578466510103, 4069.81859737949
768, 76.98498430000001, 101797888.0, 0, 0, 4060.8998534021757, 4027.96446595556
769, 78.1783899, 101597184.0, 0, 0, 3926.57041473449, 3905.2412851459403
770, 73.7563721, 60817408.0, 0, 0, 5054.355216383954, 5037.36097577769
771, 104.9665798, 101683200.0, 0, 0, 5308.950368329421, 5277.17851151741
772, 76.13245810000001, 101953536.0, 0, 0, 4101.5831132687645, 4075.62393531234
773, 79.5019835, 101801984.0, 0, 0, 4005.74065666581, 3978.8832505629402
774, 81.9611514, 101617664.0, 0, 0, 4035.4135117408155, 4000.65701307963
775, 82.3360641, 101748736.0, 0, 0, 4243.567111105021, 4222.52485158628
776, 76.3213754, 101744640.0, 0, 0, 3928.259289727186, 3903.40741140489
777, 65.7079607, 60899328.0, 0, 0, 4405.4151778920495, 4395.43041389624
778, 88.261257, 101810176.0, 0.986383389665586, 4.0007902571604, 4109.53375438026, 4085.1767968021195
779, 82.0291757, 101593088.0, 0, 0, 4065.25173310592, 4024.8553897164597
780, 75.6662259, 101457920.0, 0, 0, 3934.07162978595, 3905.9208655415496
781, 58.7297645, 60649472.0, 0, 0, 4204.18500490287, 4187.22882631455
782, 83.76095850000002, 101785600.0, 0, 0, 4205.61529432651, 4175.489098097009
783, 80.631732, 101421056.0, 0, 0, 3931.8998594779196, 3911.9512991107795
784, 69.2771837, 60813312.0, 0, 0, 4932.786142600729, 4914.6767858516105
785, 92.9124741, 101494784.0, 0, 0, 4656.90035743835, 4627.04214064785
786, 78.5917518, 101625856.0, 0, 0, 4274.79581055417, 4252.05741105312
787, 78.006621, 101679104.0, 0, 0, 4083.3437004254, 4062.14148180982
788, 79.3624869, 101437440.0, 0, 0, 3949.86139441981, 3922.00948248662
789, 68.6540205, 60829696.0, 0, 0, 4266.2709384214595, 4285.40694871562
790, 95.06617, 101441536.0, 0, 0, 4692.397848714647, 4663.3710759112
791, 74.2753769, 101740544.0, 0, 0, 3962.2539426353505, 3936.1136798288903
792, 60.166037700000004, 60612608.0, 0, 0, 3956.7451823356, 3937.6300614418296
793, 68.3565388, 60620800.0, 0, 0, 4812.62197564719, 4799.858938157769
794, 102.2200272, 101543936.0, 0, 0, 5120.75224996836, 5099.02110611577
795, 75.00475399999999, 101593088.0, 0, 0, 3934.59361566573, 3907.80444179773
796, 61.7226535, 60645376.0, 0, 0, 3917.040597167659, 3902.1014382164103
797, 59.4297648, 60657664.0, 0, 0, 4493.497026645287, 4473.32021400214
798, 77.5356412, 101822464.0, 0, 0, 3916.7623720161982, 3891.0786639336297
799, 77.7296818, 60837888.0, 0, 8.00178514758421, 5186.977808646479, 5172.99757383035
800, 77.2517883, 101584896.0, 0, 0, 3907.2213963515533, 3881.25962398189
801, 60.251771700000006, 60801024.0, 0, 0, 3891.2575506662697, 3874.56520955462
802, 74.78550129999999, 60702720.0, 0, 0, 5033.949977859929, 5012.87483718448
803, 99.1119487, 101675008.0, 0, 0, 4986.096615758418, 4954.108818964331
804, 73.8234971, 101724160.0, 0, 0, 4519.06620143345, 4498.195142737
805, 95.28865210000001, 101879808.0, 0, 0, 4709.77499480627, 4686.09729769729
806, 73.7508704, 101732352.0, 0, 0, 3830.59596787149, 3799.61494321104
807, 72.8161104, 60944384.0, 0, 0, 5077.17078954174, 5056.01557028593
808, 72.1462392, 101834752.0, 0, 0, 3815.708425990222, 3782.5896477410197
809, 55.6442665, 60825600.0, 0, 0, 4661.75905079379, 4640.53713467681
810, 73.8034225, 101695488.0, 0, 0, 4803.54745549703, 4773.00816205533
811, 88.4719958, 101920768.0, 0, 1.99649931191557, 4960.52344786993, 4937.59506652441
812, 75.03899659999999, 101654528.0, 0, 0.997898119202601, 3742.9571197891696, 3722.0596699560197
813, 63.5970083, 60846080.0, 0, 0, 4543.863084466707, 4522.90982889156
814, 71.85843990000001, 101568512.0, 0, 0, 3722.5870916099802, 3694.27375488095
815, 69.5475625, 60932096.0, 0, 0, 4905.935905603756, 4886.86625370322
816, 73.465754, 101650432.0, 0, 0, 3720.6866094922498, 3696.7436345802003
817, 57.6028437, 60686336.0, 0, 0, 3720.6172766174595, 3702.21293052959
818, 72.4360502, 60760064.0, 0, 0, 5101.072395629981, 5090.14878440541
819, 74.1212986, 101625856.0, 0, 0, 3990.7638647186204, 3964.66043849335
820, 66.8892249, 60346368.0, 0, 0, 4900.078849065401, 4885.10617971861
821, 92.60973820000001, 101568512.0, 0, 0, 4746.45300899965, 4725.44661774208
822, 97.4285394, 101572608.0, 0, 0, 4895.97860029915, 4871.0045558804995
823, 70.68205, 101486592.0, 0, 0, 3725.14646905708, 3695.40099915689
824, 56.568832, 60715008.0, 0, 0, 3975.555422952204, 3957.52096454368
825, 54.1859268, 60514304.0, 0, 0, 3729.345699011372, 3711.43528970217
826, 59.6538389, 60477440.0, 0, 0, 4025.223981882752, 4005.08274966905
827, 97.5726507, 101396480.0, 0, 0, 4910.50944599739, 4880.93289632562
828, 73.6766549, 101621760.0, 0, 0, 3952.65917410264, 3927.68657954797
829, 65.86252929999999, 60702720.0, 0, 0, 4183.27709623752, 4167.30253246002
830, 76.12169779999999, 101785600.0, 0, 0, 3819.7014946737004, 3793.65406809615
831, 60.3639489, 60637184.0, 0, 0, 3935.28233440144, 3920.27366961152
832, 62.9481503, 60665856.0, 0, 0, 4455.9242972027605, 4439.96696395385
833, 74.9526227, 101736448.0, 0, 0, 3871.472368677376, 3842.3413913026798
834, 56.3475201, 60784640.0, 0, 0, 4716.452685333756, 4700.11488044726
835, 78.36113710000001, 101588992.0, 0, 0, 3936.1647108519046, 3907.7742853645996
836, 73.9925845, 60837888.0, 0, 0, 5240.85402024358, 5222.990721395259
837, 78.0313324, 101683200.0, 0, 0, 4109.7178869622, 4082.36709441918
838, 96.32090020000001, 101601280.0, 0, 0, 4225.41432169677, 4200.61876045129
839, 81.26841859999999, 101810176.0, 0, 0, 4132.50684225524, 4110.46675782665
840, 84.9730349, 101556224.0, 0, 0, 4218.014757163515, 4193.90036962469
841, 85.6149911, 101617664.0, 0, 0, 4162.4707341138, 4133.74348694335
842, 83.5262343, 101568512.0, 0, 0, 4319.78484231767, 4294.75735088166
843, 81.5251232, 101621760.0, 0, 0, 4338.18439905558, 4311.20818239628
844, 81.91352, 101732352.0, 0, 0, 4231.189775970534, 4205.71422774459
845, 105.2729314, 101761024.0, 0, 0, 5061.17337287146, 5036.1633895096
846, 89.6161781, 101658624.0, 0, 0, 4497.794245476211, 4476.81294669428
847, 85.63797260000001, 101425152.0, 0, 0, 4326.1265489165, 4302.15916470251
848, 88.7287699, 101285888.0, 0, 0, 4534.86020963588, 4506.80541636368
849, 106.35213060000001, 101040128.0, 0, 0, 5540.935405793391, 5512.935786866081
850, 104.1659014, 101199872.0, 0, 0, 5347.46973685931, 5322.174277662451
851, 111.2715153, 101273600.0, 0, 0, 5645.64705389765, 5623.75343094901
852, 101.162179, 101310464.0, 0, 0, 5308.301044283402, 5280.719788876109
853, 136.1247598, 101122048.0, 0, 0, 6354.4169959522405, 6514.56980794208
854, 107.44220380000002, 140648448.0, 0, 0, 4873.560604890208, 4842.18466586915
855, 121.3145893, 102305792.0, 4.98073836974193, 0.996147673948386, 5382.42672702445, 5360.4420700478495
856, 110.4717596, 102289408.0, 0, 0, 5499.803890381871, 5489.804396380319
857, 88.8283697, 102514688.0, 0, 0, 4669.1889228973505, 4646.01870199538
858, 97.59274070000001, 102486016.0, 0, 0, 5210.6568656411, 5186.013831308041
859, 128.920731, 102350848.0, 0, 0, 6441.89888912326, 6450.79678449974
860, 171.2404573, 142094336.0, 0, 0, 8128.24422715788, 8138.092586706289
861, 202.67108770000002, 222646272.0, 0, 0, 9159.18884247345, 9133.17912367205
862, 209.6085152, 223084544.0, 0, 0, 9191.57438034711, 9165.544518520961
863, 212.4325734, 222785536.0, 0, 0, 9435.83529296606, 9372.19028015035
864, 175.2004749, 222928896.0, 0, 0, 9667.194050931963, 9551.805358905289
865, 111.35416959999999, 223289344.0, 0, 0, 4816.657651797765, 4770.0753947033245
866, 125.2011859, 102940672.0, 0, 0, 6320.945881682603, 6293.88608797748
867, 114.98440480000002, 142409728.0, 0, 0, 5215.34580590826, 5180.3700670650405
868, 92.40812220000001, 102973440.0, 0, 0, 4839.8566428404465, 4811.0439334612
869, 109.46324580000001, 102924288.0, 0, 1.00300973589988, 5283.294018473937, 5257.30726576728
870, 94.7185894, 102580224.0, 0, 0, 4868.26215451361, 4840.7593985309795
871, 112.910923, 102612992.0, 0, 0, 5606.69907579367, 5655.993010584491
872, 103.6903523, 102780928.0, 0, 0, 5084.09602785585, 5058.67045510229
873, 109.6701738, 102817792.0, 0, 0, 5782.12827256274, 5758.3700026009
874, 119.07568090000001, 102887424.0, 0, 0, 6085.08968446819, 6067.0923282766
875, 113.07900900000001, 142303232.0, 0, 0, 5403.193304602497, 5363.92306676647
876, 93.0026741, 102629376.0, 0, 0, 4937.848929883662, 4909.65746815388
877, 116.0102753, 102690816.0, 0, 0, 6131.619278719231, 6099.57962269961
878, 121.1216014, 142172160.0, 0, 0, 5521.8006966249495, 5486.8080580569995
879, 107.2461496, 102707200.0, 0, 0, 5486.58874687182, 5457.58521037072
880, 99.8534786, 102912000.0, 0, 0, 5287.893081983189, 5261.83945791814
881, 126.7436821, 102563840.0, 0, 0, 5471.78903381267, 5446.78569311269
882, 106.686747, 102576128.0, 0, 0, 5259.678935221635, 5340.26336865754
883, 101.8072559, 102871040.0, 0, 0, 5354.19566326739, 5335.18810209124
884, 100.67533510000001, 102764544.0, 0, 0, 5223.483171885489, 5192.991667612991
885, 111.7456633, 102871040.0, 0, 0, 5922.08311609098, 5897.22958362311
886, 115.1588013, 102936576.0, 0, 0, 6221.45642360662, 6191.36258816787
887, 156.693637, 142094336.0, 0, 0, 7351.823843053479, 7325.85594798831
888, 129.3806098, 142348288.0, 0, 0, 6115.792732132632, 6075.76807193036
889, 182.6255856, 142315520.0, 0, 0, 8807.43690560881, 8827.420365150301
890, 216.46862589999998, 223272960.0, 0, 0, 9565.01546261029, 9426.267597785509
891, 204.25178169999998, 223256576.0, 0, 0, 9432.688530457923, 9272.3225578476
892, 197.9236365, 223002624.0, 0, 0, 8794.19405962254, 8853.61156749178
893, 117.04985289999999, 222666752.0, 0, 0, 5050.675518762089, 5011.608300458483
894, 156.1563523, 102678528.0, 0, 0, 7816.44846465776, 8003.078019513141
895, 187.03844059999997, 142032896.0, 0, 12.140545822673591, 8514.66204589914, 8702.34558627214
896, 201.0600525, 222392320.0, 0, 0, 8529.56432036682, 8488.547238889802
897, 213.1179678, 222408704.0, 0, 0, 9305.264672559999, 9310.26515719963
898, 222.4735839, 222269440.0, 0, 0, 10114.253790644898, 9775.551573937712
899, 225.4927224, 222175232.0, 0, 0, 9826.345731017022, 9998.85558721207
900, 200.5394608, 222457856.0, 0, 0, 8748.959748531475, 8714.08713921767
901, 202.2014913, 189018112.0, 0, 0, 9475.77114480478, 9179.76556636142
902, 206.2024025, 189140992.0, 0, 0, 9048.54100553068, 9011.33287760227
903, 113.44280369999998, 188919808.0, 0, 0, 4904.396011393994, 4858.265555835685
904, 119.1829041, 84623360.0, 0, 0, 6069.953932783139, 6044.55320892435
905, 170.0398954, 118476800.0, 0, 0.999135693355375, 8845.42885090974, 8645.51747333105
906, 213.7892981, 188850176.0, 0, 0, 9541.06147211466, 9492.22516114726
907, 217.48348120000003, 206540800.0, 0, 0, 9733.95299058253, 9535.78768932203
908, 182.7931381, 206815232.0, 0, 0, 8151.019604044286, 8092.773659672239
909, 213.4223292, 207069184.0, 0, 0, 8997.43315564855, 9148.87117380332
910, 176.97079109999999, 206811136.0, 0, 0, 7865.504070198327, 7830.5016952633105
911, 105.7908933, 136962048.0, 0, 0, 4854.6410343650205, 4823.75725330191
912, 113.465263, 102502400.0, 0, 0, 5926.102556190301, 5906.0346888164195
913, 96.2937216, 101834752.0, 29.8426493718103, 0, 4755.068351447861, 4727.0789276753
914, 90.3627914, 101122048.0, 0, 14.0379359231708, 4712.19061228869, 4693.17757935923
915, 109.4934564, 101138432.0, 0, 0, 5788.63009152013, 5768.49221289376
916, 102.89713760000001, 101384192.0, 0, 0, 5127.83763033245, 5101.78770304405
917, 257.72215170000004, 101187584.0, 274.9888423972002, 673.371856595682, 4689.260398582585, 4672.231332833129
918, 162.7308783, 118927360.0, 1.99030105702826, 0, 7928.986296079975, 7989.2039894368545
919, 127.1687553, 155095040.0, 0, 0, 5764.123635324422, 5720.6520058490805
920, 96.6969191, 118829056.0, 0, 0, 5266.813413692141, 5235.83830621503
921, 122.5386304, 125865984.0, 111.173770870971, 2.00962092357738, 5213.8875280393495, 5187.40601562198
922, 110.4205863, 126189568.0, 0, 0, 5692.727378167028, 5661.83633658527
923, 88.92796340000001, 126468096.0, 0, 0, 4638.081032855503, 4612.922715622741
924, 130.7149844, 134180864.0, 0, 0, 4499.3768319151, 4475.71784167755
925, 96.4717603, 134307840.0, 0, 0, 5669.101553309747, 5645.1590175383
926, 152.0284518, 178003968.0, 4.99448859626656, 175.805998588583, 5214.55472823466, 5194.83230669051
927, 84.4904643, 178270208.0, 0, 0, 5492.3451623193505, 5476.64391164072
928, 90.6201795, 178429952.0, 0, 0, 4609.4108526888895, 4592.3648911235
929, 85.3803924, 178221056.0, 0, 0, 4354.19731391245, 4331.23857868351
930, 95.87901780000001, 178212864.0, 0, 0, 4838.973823822769, 4816.77172766702
931, 104.8886098, 178434048.0, 0, 0, 5481.728132090489, 5458.77113541046
932, 98.91416240000001, 178409472.0, 0, 0.996207405123256, 4920.440911824253, 4890.922082527501
933, 85.7924468, 178573312.0, 0, 0, 4653.67526736339, 4632.71288557014
934, 81.71618609999999, 178442240.0, 0, 0, 5447.156816121771, 5418.119751243999
935, 84.80663849999999, 178327552.0, 0, 0, 4292.60718836237, 4263.60271718917
936, 84.184519, 178356224.0, 0, 0, 4507.43774090061, 4486.45406790105
937, 101.71258499999999, 178401280.0, 0, 0, 5180.59555647028, 5165.52956009643
938, 101.8973968, 178434048.0, 0, 0, 5058.17979763763, 5030.1895789951905
939, 99.3044525, 178417664.0, 0, 0, 5108.59206660704, 5077.5276314182
940, 82.0686803, 178581504.0, 0, 0, 4260.210192562549, 4222.83982824267
941, 98.7621804, 178429952.0, 0, 0, 5202.22178231522, 5183.12568738882
942, 106.9490198, 178266112.0, 0, 0, 4699.003999672757, 4674.20444032776
943, 83.23815350000001, 178184192.0, 0, 0, 4335.662029027917, 4313.57212464215
944, 98.0231837, 178315264.0, 0, 0, 5078.21465057722, 5054.18984412751
945, 85.3188842, 178249728.0, 0, 0, 5092.12564384848, 5233.36653651353
946, 86.1688431, 177938432.0, 0, 0, 4611.19123992786, 4576.4383206631
947, 100.2358424, 178188288.0, 0, 0, 5350.56436281228, 5328.87351260392
948, 90.8094615, 178323456.0, 0, 0, 4396.086920804866, 4375.17222553895
949, 83.66388549999999, 178167808.0, 0, 0, 4212.265520304045, 4185.167212279525
950, 91.6262351, 178249728.0, 0, 0, 4901.2986090758895, 4873.47874481716
951, 101.6388269, 178200576.0, 0, 0, 4590.722431491819, 4579.73966033481
952, 88.26778530000001, 178348032.0, 0, 0, 4560.651842751427, 4533.78945718335
953, 83.0910034, 178401280.0, 0, 0, 4182.04341826935, 4160.07990416283
954, 87.1759228, 178401280.0, 0, 0, 4352.49009962883, 4323.57318802929
955, 81.3811089, 178302976.0, 0, 0, 4211.7893759136505, 4185.51035091069
956, 88.94633350000001, 178405376.0, 0, 0, 4586.38038234373, 4563.35318126986
957, 93.5671617, 178704384.0, 0, 0, 4830.28180543321, 4812.175805979259
958, 77.0393077, 178667520.0, 0, 0, 4114.67357239854, 4080.62666364114
959, 85.63041279999999, 178765824.0, 0, 0, 4629.79570189889, 4605.62466336101
960, 98.36566859999999, 178503680.0, 280.443816067659, 0, 4139.98592190204, 4106.9060514984
961, 81.73314099999999, 171012096.0, 0, 0, 4130.45000381296, 4109.2433820120095
962, 85.11782870000002, 170844160.0, 0, 0, 4453.780020062471, 4430.74495006815
963, 79.4310394, 170844160.0, 0, 0, 4281.970724004307, 4245.4314528675095
964, 81.8406538, 171134976.0, 0, 0, 4283.531484250749, 4253.6666795867095
965, 79.8401557, 170954752.0, 0, 0, 4146.671586112839, 4119.8031495286505
966, 100.701189, 170971136.0, 0, 0, 4946.4489597447, 4926.44309069451
967, 78.3358523, 170938368.0, 0, 0, 4232.255089478471, 4203.253724877841
968, 79.024933, 171098112.0, 0, 0, 4038.30322345467, 4012.79842167974
969, 78.9499676, 170749952.0, 0, 0, 4024.96336829722, 3998.45663534687
970, 77.0378838, 170897408.0, 0, 0, 4022.3882120691196, 3996.89135889545
971, 112.1879665, 171008000.0, 0, 0, 5867.35116852821, 5845.413354862259
972, 78.0266437, 170860544.0, 0, 0, 4018.6576934647396, 3983.3086941356996
973, 75.9698033, 170958848.0, 0, 0, 3995.83194313407, 3968.477092983
974, 60.2697618, 133574656.0, 0, 0, 4282.3960016361, 4264.36921856522
975, 76.05202990000001, 170872832.0, 0, 0, 3970.69725523738, 3940.67008598033
976, 74.7790236, 133439488.0, 0, 0, 5112.19800607251, 5097.15617379984
977, 76.3502146, 170881024.0, 0, 0, 4118.3501729811305, 4091.41345862011
978, 80.9487086, 170835968.0, 0, 0, 4111.62367211947, 4091.63036835173
979, 77.08917880000001, 170786816.0, 0, 0, 3919.24480700597, 3898.2380819849805
980, 58.9871742, 133550080.0, 0, 0, 4197.28190084776, 4181.31508224342
981, 78.60434240000001, 170958848.0, 0, 0, 4312.78782126206, 4287.95598749498
982, 74.74843720000001, 170692608.0, 0, 0, 3903.65228550943, 3876.33223357666
983, 68.8375042, 133328896.0, 0, 0, 3888.6238088597656, 3869.55186566315
984, 61.2458958, 133324800.0, 0, 0, 3878.545486558246, 3857.93595504955
985, 72.29500039999999, 133419008.0, 0, 0, 4945.86278417898, 4926.9059124781
986, 74.40173730000001, 170930176.0, 0, 0, 3973.04918960031, 3945.91904774864
987, 68.7125354, 133259264.0, 0, 0, 4845.75774159925, 4863.8457942914
988, 101.4535765, 170958848.0, 0, 0, 5019.248268527659, 4993.87772470224
989, 77.4766421, 170778624.0, 0, 0, 3855.76711334883, 3828.8176258935205
990, 58.1408119, 133361664.0, 0, 0, 4596.13923073514, 4535.29398744189
991, 73.72073850000001, 170885120.0, 0, 0, 3803.64124945022, 3777.90082532506
992, 75.22475940000001, 133332992.0, 0, 0, 5562.46336791533, 5545.55600510084
993, 73.8694246, 170786816.0, 0, 0, 3807.0416634848198, 3784.07756081515
994, 62.6596527, 133451776.0, 0, 0, 3779.1396519548302, 3760.1437020376698
995, 56.584986099999995, 133218304.0, 0, 0, 3833.11014732495, 3815.10023150192
996, 57.2048539, 133238784.0, 0, 0, 4308.44353355837, 4289.4899962932905
997, 105.98608229999999, 170909696.0, 0, 0, 5195.78316786547, 5178.22690453432
998, 75.0074942, 170844160.0, 0, 0, 3792.3702731717103, 3769.1349711358703
999, 60.1195562, 133300224.0, 0, 0, 4279.720150222311, 4261.64946532976
1000, 92.1493543, 170749952.0, 0, 0, 4868.80424019246, 4847.826211135331
1001, 73.1126253, 170885120.0, 0, 0, 3782.06554414122, 3760.13562609988
1002, 66.7028776, 133443584.0, 0, 0, 4363.3733437298, 4393.44984083237
1003, 101.0565832, 171036672.0, 0, 0, 4549.21415343635, 4527.90760852662
1004, 71.6994291, 171012096.0, 0, 0, 3767.94391533413, 3741.9373316952797
1005, 66.1559084, 133554176.0, 0, 0, 4674.632739299916, 4649.52053584575
1006, 74.0109908, 171143168.0, 0, 0, 3740.6277845816003, 3716.5594251393795
1007, 71.958521, 133619712.0, 0, 0, 5102.86651024607, 5090.963985878439
1008, 85.05123420000001, 170848256.0, 0, 0, 4020.95438015445, 3992.9478511492202
1009, 72.3956831, 170958848.0, 0, 0, 3713.7450164903703, 3688.4998577362603
1010, 57.037013300000005, 133623808.0, 0, 0, 3945.7077213581797, 3929.6355391320503
1011, 67.1313557, 133439488.0, 0, 0, 4423.307034258214, 4404.2759100803105
1012, 85.7968043, 171245568.0, 0, 0, 4208.808054915822, 4181.09887051993
1013, 71.8169083, 171008000.0, 0, 0, 3708.8897656133295, 3686.2276771099196
1014, 71.7823989, 133468160.0, 0, 0, 4821.875611763509, 4821.88041080012
1015, 71.112399, 171020288.0, 0, 0, 3887.7257936567203, 3865.01373468004
1016, 56.4603691, 133439488.0, 0, 0, 3679.98502390835, 3662.90610172692
1017, 73.6503345, 133439488.0, 0, 0, 4847.9164616548605, 4829.94638065214
1018, 71.8190947, 171139072.0, 0, 0, 3687.4540768347797, 3654.76036983585
1019, 73.93727319999999, 133419008.0, 0, 0, 4965.14825433399, 4946.4338152683995
1020, 70.1022897, 171073536.0, 0, 0, 3661.9500574869053, 3630.4242201713796
1021, 71.5540751, 133689344.0, 0, 0, 5295.189722213782, 5274.24472346594
1022, 72.9152424, 171036672.0, 0, 0, 3676.2004284903896, 3653.39166175846
1023, 66.1026128, 133459968.0, 0, 0, 4102.788022598931, 4109.82608327152
1024, 69.1476551, 171073536.0, 0, 0, 3585.61605826836, 3559.85527961812
1025, 60.5622064, 133402624.0, 0, 0, 3882.6124709227797, 3869.6007884313904
1026, 71.0779907, 133406720.0, 0, 0, 5150.88016782002, 5131.98328150956
1027, 72.5214285, 170999808.0, 0, 0, 3826.48349000253, 3810.72786984909
1028, 62.817491600000004, 133357568.0, 0, 0, 4819.480234133505, 4801.560119564199
1029, 76.73184690000001, 170917888.0, 0, 0, 3998.047553259607, 3965.0716767164
1030, 52.4602868, 133488640.0, 0, 0, 3519.0299662672396, 3499.00679074474
1031, 53.2362556, 133451776.0, 0, 0, 3496.27801272962, 3480.14755859591
1032, 55.610110999999996, 133255168.0, 0, 0, 3753.3077471027, 3734.1731484228003
1033, 52.2166115, 133484544.0, 0, 0, 3461.69822729087, 3443.6709435144103
1034, 56.5165209, 133451776.0, 0, 0, 3831.44458323498, 3816.47019871838
1035, 60.4201575, 133570560.0, 0, 0, 4154.24131625946, 4112.7299915496205
1036, 85.4210474, 171098112.0, 0, 0, 4208.29724743298, 4183.00044988516
1037, 66.1266272, 171016192.0, 0, 0, 3613.6636431124066, 3583.76573643168
1038, 70.2950474, 133488640.0, 0, 0, 4356.129060803957, 4334.09803171149
1039, 65.1759681, 171159552.0, 0, 0, 3399.87233498755, 3378.8297023179002
1040, 55.5591397, 133316608.0, 0, 4.04052967609409, 3337.96619454127, 3318.0380406348
1041, 71.2718277, 133349376.0, 0, 0, 4352.21349840549, 4334.35641726623
1042, 64.1448672, 170958848.0, 0, 0, 3293.77823531401, 3267.6770939978796
1043, 62.3276636, 133316608.0, 0, 0, 4368.94688071163, 4355.89028043688
1044, 77.7542591, 170934272.0, 0, 0, 3821.55003645709, 3800.4805874802
1045, 49.472436200000004, 133189632.0, 0, 0, 3248.33638322146, 3230.42278300334
1046, 68.1338017, 133222400.0, 0, 0, 3707.18106885993, 3686.29832949049
1047, 49.4398379, 133296128.0, 0, 0, 3244.86856469151, 3230.7866509124997
1048, 59.2802685, 133165056.0, 0, 0, 4496.943996040211, 4463.02568317935
1049, 66.07256939999999, 170737664.0, 0, 0, 3795.46019705977, 3775.56214590912
1050, 58.637258599999996, 133201920.0, 0, 0, 4402.12665623875, 4382.5830136411005
1051, 66.88883100000001, 170913792.0, 0, 0, 3674.4849381263803, 3648.3534422028897
1052, 49.2934287, 133103616.0, 0, 0, 4696.02891090179, 4679.8391017904105
1053, 61.702209100000005, 170983424.0, 0, 0, 3287.05818284691, 3263.13778789746
1054, 53.395961, 133484544.0, 0, 0, 3288.79407377834, 3271.21859526605
1055, 51.73034869999999, 133148672.0, 0, 0, 3308.0841195085764, 3287.8449806854996
1056, 51.832610700000004, 133251072.0, 0, 0, 3467.4348565818, 3452.18212999178
1057, 50.6886318, 133431296.0, 0, 0, 3343.3477994709797, 3326.9942819935
1058, 72.4323882, 133275648.0, 0, 0, 5396.28093066343, 5378.30320899839
1059, 65.27937610000001, 170848256.0, 0, 0, 3491.01326453359, 3463.8027089469797
1060, 54.606052700000006, 133414912.0, 0, 0, 4192.6183082671305, 4178.67279736146
1061, 71.76364720000001, 170852352.0, 0, 0, 3963.3156996704, 3935.3557380256498
1062, 61.6717128, 133279744.0, 0, 0, 4690.58373444697, 4673.586055376831
1063, 70.7693246, 170917888.0, 0, 0, 3530.28637345865, 3509.27276909402
1064, 55.0670636, 133230592.0, 0, 0, 3565.5855992182424, 3549.60984973714
1065, 55.7695181, 133279744.0, 0, 0, 3625.22083041279, 3605.03584444565
1066, 55.9174454, 133312512.0, 0, 0, 3811.28691861933, 3800.2216484114497
1067, 54.5258303, 133365760.0, 0, 0, 3656.4925790009993, 3637.74191931813
1068, 55.5504647, 133300224.0, 0, 0, 3996.17450203046, 3978.03748756176
1069, 55.233092299999996, 133079040.0, 0, 0, 4612.69508014865, 4594.68075662628
1070, 77.9646116, 170668032.0, 0, 0, 4018.47300738824, 3994.6068517131303
1071, 79.3465175, 170942464.0, 0, 0, 4215.8815299481, 4191.56509923802
1072, 96.8519933, 170991616.0, 0, 0, 5033.8048240921, 5008.77081259356
1073, 78.1433802, 170692608.0, 0, 0, 4582.462867018769, 4555.4014081939495
1074, 101.43700290000001, 170921984.0, 0, 0, 5024.32424266498, 5003.44350827687
1075, 76.6610107, 170795008.0, 0, 0, 3970.173507593714, 3941.67467102096
1076, 72.14053919999999, 133500928.0, 0, 0, 4942.682753561479, 4924.85783611449
1077, 79.7296637, 171053056.0, 0, 0, 4041.4014638235067, 4015.2762560974998
1078, 77.0999132, 170876928.0, 0, 0, 4271.18319595742, 4244.75741206396
1079, 81.3818937, 170762240.0, 0, 0, 4180.636360539749, 4157.60275936184
1080, 80.96783350000001, 171085824.0, 0, 0, 4346.38374546725, 4330.5240199584605
1081, 94.8461152, 171073536.0, 0, 0, 4697.117202191859, 4703.1305330913
1082, 95.4035588, 170672128.0, 0, 0, 5264.980900494869, 5227.91830058298
1083, 87.3161825, 170696704.0, 0, 0, 4335.927269981, 4316.547564947619
1084, 91.50060359999999, 170790912.0, 0, 0, 5373.96658262221, 5280.46381515987
1085, 107.5948909, 170438656.0, 0, 0, 5510.66715528003, 5486.79888095593
1086, 106.4975121, 170663936.0, 0, 0, 5557.4800079693, 5537.53944375002
1087, 102.6029956, 170696704.0, 0, 0, 5574.03171741298, 5550.89823398198
1088, 88.3084118, 170536960.0, 91.2744349675368, 0, 4745.010760532899, 4722.95051027112
1089, 110.8524045, 158666752.0, 0, 0, 5891.89358011625, 5871.62185375463
1090, 103.1699385, 158793728.0, 0, 0, 7195.46343767474, 7175.445374852019