117.7692639,23.55385278, ,10429.029721723435,2085.805944344687, ,5,60.901772900000005,12.180354580000001, ,10418.139836730215,2083.627967346043, ,5,43.1917837,8.63835674, ,9630.957297886594,1926.191459577319, ,1,
285.8592815,57.1718563, ,23214.913600186286,4642.982720037257, ,5,122.5335894,24.50671788, ,23211.012490740024,4642.202498148004, ,5,48.8429357,48.8429357, ,23162.72707359073,23162.72707359073, ,5,
160.3622776,32.07245552, ,10983.610513127276,2196.722102625455, ,5,62.9267252,12.58534504, ,10980.59687834603,2196.119375669206, ,5,50.0094065,10.001881299999999, ,10969.78043644199,2193.956087288398, ,5,
375.1528364,75.03056728, ,21837.621854109664,4367.524370821933, ,5,143.0726631,28.61453262, ,21840.975849626444,4368.195169925289, ,5,90.0383884,18.00767768, ,21831.03067562045,4366.20613512409, ,5,
205.82004540000003,41.16400908000001, ,13553.05197364823,2710.610394729646, ,5,156.0811121,31.21622242, ,13367.214365301346,2673.4428730602694, ,5,59.01395989999999,11.802791979999999, ,13503.961286736452,2700.7922573472906, ,5,
366.7691261,73.35382522, ,22887.48156413968,4577.496312827936, ,5,145.9214591,29.18429182, ,22835.132642426826,4567.026528485365, ,5,91.9272333,18.38544666, ,22822.2461289324,4564.4492257864795, ,5,
183.2468941,36.649378819999995, ,12713.328843858832,2542.665768771766, ,5,73.1066188,14.621323760000001, ,12709.771784868422,2541.9543569736843, ,5,56.1175868,11.223517359999999, ,12707.945671839925,2541.589134367985, ,5,
181.19626010000002,36.23925202, ,12713.6898729993,2542.73797459986, ,5,76.1293877,15.225877539999999, ,12721.30743150795,2544.26148630159, ,5,57.91215400000001,11.582430800000001, ,12717.33758476602,2543.4675169532043, ,5,
71.85076939999999,14.370153879999998, ,5084.035229972938,1016.8070459945877, ,1,32.9370685,6.587413700000001, ,5078.025674682095,1015.6051349364191, ,1,25.0531141,5.01062282, ,5071.145566522477,1014.2291133044953, ,1,
30.5120543,30.5120543, ,2545.4726696078746,2545.4726696078746, ,1,8.9703232,8.9703232, ,3161.32283193341,3161.32283193341, ,1,8.0196631,8.0196631, ,3138.21511534479,3138.21511534479, ,1,
11.034876,11.034876, ,2549.359765013873,2549.359765013873, ,1,9.0979502,9.0979502, ,2553.1655634272793,2553.1655634272793, ,1,8.0692348,8.0692348, ,2538.617287911015,2538.617287911015, ,1,
23.6461859,23.6461859, ,2499.877775620902,2499.877775620902, ,1,9.8395662,9.8395662, ,2975.9100394079037,2975.9100394079037, ,1,10.2286533,10.2286533, ,2967.8340420378586,2967.8340420378586, ,1,
11.7252742,11.7252742, ,2620.12352827575,2620.12352827575, ,1,10.181605,10.181605, ,2736.15098664603,2736.15098664603, ,1,8.8659959,8.8659959, ,2787.91696618139,2787.91696618139, ,1,
24.0498467,24.0498467, ,2568.80789797391,2568.80789797391, ,1,7.9209288,7.9209288, ,2856.29488532192,2856.29488532192, ,1,7.2360407,7.2360407, ,2827.44669046063,2827.44669046063, ,1,
9.9934881,9.9934881, ,4175.05277963751,4175.05277963751, ,1,10.0023541,10.0023541, ,4210.25671725531,4210.25671725531, ,1,9.0038409,9.0038409, ,4193.87519214263,4193.87519214263, ,1,
20.1030132,20.1030132, ,6561.06305879571,6561.06305879571, ,2,17.47593,17.47593, ,6593.25654598165,6593.25654598165, ,2,16.0078333,16.0078333, ,6585.12672187803,6585.12672187803, ,2,
132.5453892,66.2726946, ,18578.879988490058,9289.439994245029, ,3,105.6567944,52.8283972, ,18581.30834799842,9290.65417399921, ,3,74.3389364,37.1694682, ,18571.368689103052,9285.684344551526, ,3,
108.5871829,36.195727633333334, ,11007.81885738785,3669.272952462617, ,3,57.4465484,19.148849466666665, ,11013.993710448176,3671.3312368160587, ,3,46.035479,15.345159666666667, ,10989.143137117495,3663.047712372498, ,3,
201.8060812,67.26869373333334, ,20544.91254205008,6848.30418068336, ,3,127.889211,42.629737, ,20561.48211860382,6853.8273728679405, ,3,114.71947870000001,38.23982623333334, ,20539.92039330246,6846.640131100819, ,3,
167.9887671,55.9962557, ,13080.49041522942,4360.16347174314, ,3,73.1860394,24.395346466666666, ,13069.070903259733,4356.356967753244, ,3,55.0436678,18.347889266666666, ,13558.798281568848,4519.599427189616, ,3,
210.5474387,70.18247956666666, ,25408.614924247937,8469.538308082645, ,3,144.7516838,48.250561266666665, ,25385.25667677287,8461.752225590957, ,3,133.8076223,44.602540766666664, ,25410.371817142186,8470.123939047395, ,3,
212.4453571,70.81511903333333, ,23338.78743579688,7779.595811932293, ,3,143.6752357,47.89174523333333, ,23344.95365776204,7781.651219254013, ,3,130.920924,43.640308000000005, ,23360.658016147558,7786.886005382519, ,3,
117.4969131,39.1656377, ,12635.20649443605,4211.73549814535, ,3,63.2494953,21.0831651, ,11973.409586407199,3991.1365288023994, ,3,50.7916027,16.930534233333333, ,11946.08578002398,3982.0285933413265, ,3,
112.2091513,37.403050433333334, ,11801.44404809422,3933.8146826980733, ,3,62.115233599999996,20.705077866666667, ,11795.64629712058,3931.882099040193, ,3,49.2767884,16.425596133333332, ,11799.41306011598,3933.1376867053264, ,3,
77.84628190000001,25.948760633333336, ,7321.71591916051,2440.5719730535034, ,3,39.4337918,13.144597266666667, ,7320.69089280612,2440.23029760204, ,3,31.1711535,10.3903845, ,7315.181345286137,2438.393781762046, ,3,
32.7839984,10.927999466666668, ,3316.984047812791,1105.6613492709303, ,1,17.2982853,5.7660951, ,3312.9248155773525,1104.3082718591174, ,1,14.126163899999998,4.7087213, ,3294.272900888246,1098.0909669627488, ,1,
9.3655376,9.3655376, ,2613.3587047795622,2613.3587047795622, ,1,7.2817906,7.2817906, ,2608.658466024351,2608.658466024351, ,1,7.167583,7.167583, ,2603.0302041278323,2603.0302041278323, ,1,
29.7485191,29.7485191, ,2670.00180836223,2670.00180836223, ,1,10.5650143,10.5650143, ,2668.48915379784,2668.48915379784, ,1,9.7091729,9.7091729, ,2671.18769846315,2671.18769846315, ,1,
25.6254623,25.6254623, ,3059.09092164935,3059.09092164935, ,1,10.3561447,10.3561447, ,4309.33279067928,4309.33279067928, ,1,9.2435051,9.2435051, ,4296.94960794581,4296.94960794581, ,1,
15.2567854,15.2567854, ,5241.69341849352,5241.69341849352, ,2,12.3748002,12.3748002, ,5287.1304016429,5287.1304016429, ,2,11.1384799,11.1384799, ,5268.20922811025,5268.20922811025, ,2,
120.7162912,60.3581456, ,6587.788125785008,3293.894062892504, ,2,35.90763080000001,17.953815400000003, ,6585.724439276505,3292.8622196382526, ,2,26.295639,13.1478195, ,6584.968992866616,3292.484496433308, ,2,
76.0556274,38.0278137, ,10109.32149546492,5054.66074773246, ,2,52.693657,26.3468285, ,10114.003918443079,5057.001959221539, ,2,38.5957837,19.29789185, ,10109.712693514415,5054.856346757208, ,2,
114.198073,57.0990365, ,10607.06528321961,5303.532641609805, ,2,70.8123591,35.40617955, ,10592.3404300652,5296.1702150326, ,2,88.98083879999999,44.49041939999999, ,10596.92140586071,5298.460702930355, ,2,
85.0326952,42.5163476, ,10360.577475818078,5180.288737909039, ,2,57.0180627,28.50903135, ,10358.649153766306,5179.324576883153, ,2,45.4682083,22.73410415, ,10352.829265093413,5176.414632546706, ,2,
90.7391213,45.36956065, ,11223.60472896312,5611.80236448156, ,2,63.2685072,31.6342536, ,11238.871760813341,5619.435880406671, ,2,46.1242989,23.06214945, ,11225.49508766169,5612.747543830845, ,2,
103.2276641,51.61383205, ,12668.51863126476,6334.25931563238, ,2,81.42967709999999,40.714838549999996, ,12669.55650820024,6334.77825410012, ,2,69.4860496,34.7430248, ,12670.3840868802,6335.1920434401, ,2,
96.3835006,48.1917503, ,12627.747504669014,6313.873752334507, ,2,76.255734,38.127867, ,12646.976762131313,6323.4883810656565, ,2,65.2498201,32.62491005, ,12628.607630118458,6314.303815059229, ,2,
71.7795965,35.88979825, ,9518.685139950849,4759.342569975424, ,2,48.8506467,24.42532335, ,9516.38925874031,4758.194629370155, ,2,38.7560157,19.37800785, ,9512.87916620873,4756.439583104365, ,2,
77.5707302,38.7853651, ,9524.379356421261,4762.1896782106305, ,2,50.979654100000005,25.489827050000002, ,9519.14583171678,4759.57291585839, ,2,42.1180555,21.05902775, ,9520.409325534922,4760.204662767461, ,2,
71.8662129,35.93310645, ,8852.053404147835,4426.0267020739175, ,2,45.9653997,22.98269985, ,8852.246154860142,4426.123077430071, ,2,34.930365800000004,17.465182900000002, ,8860.512834043944,4430.256417021972, ,2,
46.1072319,23.05361595, ,5280.21706888347,2640.108534441735, ,2,27.293430999999998,13.646715499999999, ,5279.06756297591,2639.533781487955, ,2,21.759185799999997,10.879592899999999, ,5281.73551115564,2640.86775557782, ,2,
32.614953,16.3074765, ,3810.2488367302603,1905.1244183651302, ,1,19.962826999999997,9.981413499999999, ,3807.7714816121497,1903.8857408060749, ,1,16.883226,8.441613, ,3803.0714829589,1901.53574147945, ,1,
10.6619807,10.6619807, ,4333.21238850275,4333.21238850275, ,1,10.2742109,10.2742109, ,4377.18668780027,4377.18668780027, ,1,9.2239286,9.2239286, ,4355.09204414986,4355.09204414986, ,1,
23.5764809,23.5764809, ,3640.350239158946,3640.350239158946, ,1,13.7679314,13.7679314, ,4788.821544703673,4788.821544703673, ,1,8.0008208,8.0008208, ,4771.450269022041,4771.450269022041, ,1,
12.687109,12.687109, ,2706.82005334723,2706.82005334723, ,1,11.50389,11.50389, ,2705.64754093561,2705.64754093561, ,1,10.0113405,10.0113405, ,2700.33702993579,2700.33702993579, ,1,
13.2391464,13.2391464, ,2815.5859322607134,2815.5859322607134, ,1,11.3277821,11.3277821, ,3828.4468431014266,3828.4468431014266, ,1,9.2946157,9.2946157, ,3811.746050215207,3811.746050215207, ,1,
7.2483747,7.2483747, ,3560.65695388691,3560.65695388691, ,1,7.2545273,7.2545273, ,3560.37594425284,3560.37594425284, ,1,7.1107026,7.1107026, ,3553.69468864461,3553.69468864461, ,1,
31.174677,31.174677, ,3042.11630315955,3042.11630315955, ,1,23.1302704,23.1302704, ,3037.7667106261,3037.7667106261, ,1,11.081676,11.081676, ,3035.08951474684,3035.08951474684, ,1,
17.7687537,17.7687537, ,8195.43930860441,8195.43930860441, ,3,14.4092092,14.4092092, ,8237.4987302901,8237.4987302901, ,3,18.0104256,18.0104256, ,8195.36622804136,8195.36622804136, ,3,
86.20337900000001,28.73445966666667, ,8614.02776726162,2871.3425890872063, ,3,44.5791698,14.859723266666668, ,8608.082248579876,2869.3607495266256, ,3,35.7958755,11.9319585, ,8604.855472052897,2868.2851573509656, ,3,
93.7687739,31.256257966666666, ,9371.904831824151,3123.968277274717, ,3,49.3894895,16.463163166666668, ,9378.63355172275,3126.2111839075837, ,3,42.150176599999995,14.050058866666665, ,9364.336457305286,3121.4454857684286, ,3,
101.97844950000001,33.9928165, ,9858.456874159028,3286.1522913863428, ,3,52.1464952,17.382165066666666, ,9854.574883057054,3284.858294352351, ,3,42.9484758,14.3161586, ,9854.786732355336,3284.9289107851123, ,3,
90.7566067,30.252202233333335, ,9497.00839573687,3165.669465245623, ,3,47.9776279,15.992542633333334, ,9490.751623794782,3163.5838745982605, ,3,39.9500639,13.316687966666668, ,9488.785535013216,3162.928511671072, ,3,
91.6877565,30.5625855, ,9092.30150078453,3030.7671669281767, ,3,46.9295824,15.643194133333333, ,9092.95789611508,3030.9859653716935, ,3,37.956763699999996,12.652254566666665, ,9084.18647018573,3028.0621567285766, ,3,
56.412750200000005,18.80425006666667, ,5741.089514363501,1913.6965047878336, ,1,30.6839642,10.227988066666667, ,5745.20904954329,1915.0696831810967, ,1,23.841333499999998,7.947111166666666, ,5740.76035825044,1913.5867860834799, ,1,
13.8457974,13.8457974, ,2615.3790196253153,2615.3790196253153, ,1,11.1107577,11.1107577, ,2611.524863131753,2611.524863131753, ,1,9.1087937,9.1087937, ,2608.8291504630984,2608.8291504630984, ,1,
10.1417633,10.1417633, ,2751.02047457366,2751.02047457366, ,1,9.4599118,9.4599118, ,2738.27764707517,2738.27764707517, ,1,8.8621587,8.8621587, ,2797.07953516158,2797.07953516158, ,1,
9.2235944,9.2235944, ,2132.17624067002,2132.17624067002, ,1,8.0350227,8.0350227, ,2135.5454794650786,2135.5454794650786, ,1,7.085603,7.085603, ,2135.38467132699,2135.38467132699, ,1,
20.3573634,20.3573634, ,2695.933533199183,2695.933533199183, ,1,11.2074667,11.2074667, ,2695.1165627233772,2695.1165627233772, ,1,9.1386181,9.1386181, ,2698.025156567143,2698.025156567143, ,1,
29.0420317,29.0420317, ,4502.0109488087355,4502.0109488087355, ,1,12.8309199,12.8309199, ,4501.300512585482,4501.300512585482, ,1,11.7802108,11.7802108, ,4502.387518402389,4502.387518402389, ,1,
31.4597224,31.4597224, ,7549.754824193322,7549.754824193322, ,3,20.6539737,20.6539737, ,7555.685380225293,7555.685380225293, ,3,14.9956663,14.9956663, ,7561.328384262561,7561.328384262561, ,3,
115.815511,38.605170333333334, ,12018.36466760915,4006.1215558697168, ,3,63.0553441,21.018448033333332, ,12290.21413616585,4096.738045388617, ,3,52.0464629,17.34882096666667, ,12029.776172407452,4009.925390802484, ,3,
123.9816338,41.327211266666666, ,12530.98755457096,4176.995851523653, ,3,68.2420997,22.747366566666667, ,12533.80914895848,4177.93638298616, ,3,55.0299004,18.343300133333333, ,12528.382691500388,4176.127563833463, ,3,
126.31302070000001,42.10434023333334, ,13230.80464840767,4410.26821613589, ,3,72.66062,24.220206666666666, ,13231.960143226563,4410.653381075521, ,3,55.9757338,18.658577933333333, ,13227.93682786058,4409.312275953526, ,3,
120.81701029999999,40.27233676666666, ,13112.609615633159,4370.86987187772, ,3,71.613325,23.871108333333336, ,13117.834374254417,4372.611458084805, ,3,60.7872524,20.262417466666665, ,13114.993312717666,4371.6644375725555, ,3,
77.9046428,25.968214266666667, ,8098.7482229711095,2699.58274099037, ,3,42.6585452,14.219515066666666, ,8111.10848730854,2703.702829102847, ,3,33.9713748,11.3237916, ,8119.1240842697,2706.3746947565664, ,3,
28.7769607,9.592320233333334, ,2577.517351415013,859.1724504716709, ,1,12.0601614,4.0200538, ,2573.361035843365,857.7870119477883, ,1,12.1044479,4.034815966666667, ,2574.9878225413004,858.3292741804335, ,1,
15.1616516,15.1616516, ,3480.7395537896455,3480.7395537896455, ,1,13.1280798,13.1280798, ,3481.5400635812075,3481.5400635812075, ,1,12.1921873,12.1921873, ,3481.0838184593586,3481.0838184593586, ,1,
19.0974709,19.0974709, ,6253.35144186684,6253.35144186684, ,2,17.1828306,17.1828306, ,6251.845427824425,6251.845427824425, ,2,14.826517,14.826517, ,6249.424853802359,6249.424853802359, ,2,
83.3540093,41.67700465, ,11398.964343296502,5699.482171648251, ,2,58.3680946,29.1840473, ,11397.164180983695,5698.582090491847, ,2,42.3838816,21.1919408, ,11398.276656984395,5699.138328492198, ,2,
90.4248134,45.2124067, ,11999.910778048614,5999.955389024307, ,2,66.8334033,33.41670165, ,12011.565247267416,6005.782623633708, ,2,46.3540967,23.17704835, ,12000.983495435607,6000.491747717803, ,2,
104.7638688,52.3819344, ,13585.159570618307,6792.5797853091535, ,2,79.2260081,39.61300405, ,13584.21240002332,6792.10620001166, ,2,61.280169099999995,30.640084549999997, ,13579.95553148698,6789.97776574349, ,2,
106.8989278,53.4494639, ,13325.69213621842,6662.84606810921, ,2,76.5403467,38.27017335, ,13316.45408209976,6658.22704104988, ,2,64.579462,32.289731, ,13326.98140734245,6663.490703671225, ,2,
100.60560849999999,50.302804249999994, ,13088.35279293208,6544.17639646604, ,2,78.0591986,39.0295993, ,13095.35299454331,6547.676497271655, ,2,53.707605900000004,26.853802950000002, ,13103.66542702275,6551.832713511375, ,2,
140.038263,70.0191315, ,19574.89205222721,9787.446026113605, ,3,116.2874329,58.14371645, ,19575.78204821744,9787.89102410872, ,3,107.9262421,53.96312105, ,19563.99135254301,9781.995676271505, ,3,
76.9650062,25.65500206666667, ,7746.298702933926,2582.099567644642, ,3,39.9882536,13.329417866666667, ,7745.200386162093,2581.733462054031, ,3,33.991149,11.330383, ,7749.270311768313,2583.090103922771, ,3,
36.3521691,12.117389699999999, ,2709.0962834266447,903.0320944755482, ,1,14.027381900000002,4.675793966666667, ,2709.390236087387,903.1300786957958, ,1,12.0203959,4.006798633333333, ,2715.770462351509,905.2568207838364, ,1,
19.0180796,19.0180796, ,6716.28167182898,6716.28167182898, ,2,16.956039,16.956039, ,6722.7106940155,6722.7106940155, ,2,14.9859691,14.9859691, ,6715.05534887359,6715.05534887359, ,2,
86.4978141,43.24890705, ,10699.28021887837,5349.640109439185, ,2,57.0275182,28.5137591, ,10696.92223394889,5348.461116974445, ,2,42.9226702,21.4613351, ,10701.313478777553,5350.656739388776, ,2,
91.9616499,45.98082495, ,11939.132833927939,5969.5664169639695, ,2,64.45617779999999,32.228088899999996, ,11937.166288478991,5968.583144239496, ,2,52.4718527,26.23592635, ,11927.75389303416,5963.87694651708, ,2,
105.4839398,52.7419699, ,13481.95851927096,6740.97925963548, ,2,81.07159150000001,40.535795750000005, ,13482.84838208294,6741.42419104147, ,2,63.114902,31.557451, ,15108.64473065441,7554.322365327205, ,3,
94.6873204,47.3436602, ,12729.34990269423,6364.674951347115, ,2,68.77003579999999,34.385017899999994, ,12731.583215366558,6365.791607683279, ,2,52.413245200000006,17.471081733333335, ,12740.564935093105,4246.854978364368, ,3,
97.3207222,48.6603611, ,12313.890080672012,6156.945040336006, ,2,72.4751258,36.2375629, ,12304.12443407451,6152.062217037255, ,2,53.3346416,17.778213866666665, ,12307.429876188238,4102.47662539608, ,3,
77.9845099,38.99225495, ,10575.45431333937,5287.727156669685, ,2,54.216191300000006,27.108095650000003, ,10578.49152309694,5289.24576154847, ,2,42.4694375,14.156479166666665, ,10582.795027387601,3527.5983424625338, ,3,
28.8847816,14.4423908, ,3063.29453740555,1531.647268702775, ,1,15.9313804,7.9656902, ,3064.95952335255,1532.479761676275, ,1,14.1017279,4.700575966666666, ,3065.268185931907,1021.7560619773022, ,1,
10.0725081,10.0725081, ,2270.31144489435,2270.31144489435, ,1,9.1464937,9.1464937, ,2273.59104562835,2273.59104562835, ,1,8.0141468,8.0141468, ,2271.80886454481,2271.80886454481, ,1,
11.3314576,11.3314576, ,3596.8053485809,3596.8053485809, ,1,11.3444023,11.3444023, ,3602.46592985216,3602.46592985216, ,1,9.0750231,9.0750231, ,3599.67686411676,3599.67686411676, ,1,
19.4389413,19.4389413, ,8388.0403249044,8388.0403249044, ,3,18.454998,18.454998, ,8389.78824433567,8389.78824433567, ,3,14.4408001,14.4408001, ,8389.06064762385,8389.06064762385, ,3,
110.6136082,36.871202733333334, ,11772.08389719375,3924.02796573125, ,3,65.0204674,21.673489133333334, ,11762.07287132693,3920.690957108977, ,3,48.9957518,16.331917266666668, ,11763.05675804256,3921.01891934752, ,3,
134.421765,44.807255, ,13559.03985086821,4519.679950289404, ,3,76.9458431,25.648614366666667, ,13558.897336292339,4519.63244543078, ,3,57.6106032,19.2035344, ,13547.82303466891,4515.941011556303, ,3,
120.7005043,40.23350143333334, ,12477.06892053557,4159.022973511856, ,3,66.8573961,22.2857987, ,12482.495155538661,4160.831718512887, ,3,53.04016,17.680053333333333, ,12467.81190388596,4155.93730129532, ,3,
100.9045836,33.634861199999996, ,10589.147761047221,3529.7159203490737, ,3,52.9765556,17.658851866666666, ,10579.143588531173,3526.3811961770575, ,3,43.792873400000005,14.597624466666668, ,10586.61662666462,3528.8722088882064, ,3,
30.5059804,10.168660133333333, ,2540.416634189068,846.8055447296894, ,1,13.76971,4.589903333333333, ,2544.472966840527,848.1576556135091, ,1,12.7904083,4.263469433333333, ,2531.376488433421,843.7921628111403, ,1,
17.4044358,17.4044358, ,6508.730845005784,6508.730845005784, ,2,15.3705018,15.3705018, ,6511.50998090913,6511.50998090913, ,2,13.1687247,13.1687247, ,6501.065262111718,6501.065262111718, ,2,
79.555002,39.777501, ,10477.612323069472,5238.806161534736, ,2,55.944150699999994,27.972075349999997, ,10478.409236597698,5239.204618298849, ,2,42.1548233,21.07741165, ,10472.268809302708,5236.134404651354, ,2,
93.371215,46.6856075, ,11428.668376733895,5714.334188366947, ,2,65.4247304,32.7123652, ,11424.159272502835,5712.0796362514175, ,2,47.173554700000004,23.586777350000002, ,11416.49045510067,5708.245227550335, ,2,
102.2165438,51.1082719, ,13138.84258055385,6569.421290276925, ,2,76.2580735,38.12903675, ,13145.487770845579,6572.743885422789, ,2,56.9111055,28.45555275, ,13131.411383993622,6565.705691996811, ,2,
90.19784250000001,45.098921250000004, ,12237.465628824913,6118.732814412457, ,2,66.7665037,33.38325185, ,12233.66461291785,6116.832306458925, ,2,55.969790200000006,27.984895100000003, ,12244.341140300636,6122.170570150318, ,2,
91.1450419,45.57252095, ,12155.427003530705,6077.713501765353, ,2,69.0813556,34.5406778, ,12147.429528015418,6073.714764007709, ,2,55.0753445,27.53767225, ,12145.387545729023,6072.693772864512, ,2,
54.9812705,27.49063525, ,7294.370614279191,3647.1853071395954, ,2,37.8183322,18.9091661, ,7302.184227196671,3651.0921135983353, ,2,30.5298615,15.26493075, ,7284.6319623176805,3642.3159811588403, ,2,
107.9860663,53.99303315, ,2597.62826602316,1298.81413301158, ,2,13.976621999999999,6.9883109999999995, ,2596.54105486263,1298.270527431315, ,1,12.1544575,6.07722875, ,2596.6952556013102,1298.3476278006551, ,1,
29.9371386,14.9685693, ,3513.2375428513137,1756.6187714256569, ,1,12.8653369,12.8653369, ,3508.1057968588743,3508.1057968588743, ,1,12.187989,12.187989, ,3504.7209124735355,3504.7209124735355, ,1,
19.0474801,19.0474801, ,6394.683067964185,6394.683067964185, ,2,17.0668013,17.0668013, ,6400.6388934866345,6400.6388934866345, ,2,14.0528618,14.0528618, ,6396.451988323543,6396.451988323543, ,2,
80.6198253,40.30991265, ,10601.912610471363,5300.956305235682, ,2,56.5565723,28.27828615, ,10600.300111909306,5300.150055954653, ,2,41.7210529,20.86052645, ,10598.396700527792,5299.198350263896, ,2,
88.1538546,44.0769273, ,11208.01166353908,5604.00583176954, ,2,60.7932993,30.39664965, ,11205.73225458192,5602.86612729096, ,2,42.619086499999995,21.309543249999997, ,11197.0762920399,5598.53814601995, ,2,
97.46433440000001,48.732167200000006, ,10994.91459880962,5497.45729940481, ,2,58.4244531,29.21222655, ,10992.090049639097,5496.045024819548, ,2,42.288546499999995,21.144273249999998, ,10991.354354267489,5495.677177133744, ,2,
74.2650895,37.13254475, ,9906.073963399034,4953.036981699517, ,2,51.9480478,25.9740239, ,9919.40887510393,4959.704437551965, ,2,38.981462,19.490731, ,9907.72757877556,4953.86378938778, ,2,
76.0748786,38.0374393, ,9506.301783183939,4753.150891591969, ,2,49.4668788,24.7334394, ,9504.73395577713,4752.366977888565, ,2,45.6520837,22.82604185, ,9501.76452655258,4750.88226327629, ,2,
32.381779800000004,16.190889900000002, ,3632.112824693284,1816.056412346642, ,1,18.9888104,9.4944052, ,3632.7730290852496,1816.3865145426248, ,1,15.990462899999999,7.9952314499999995, ,3627.618490001222,1813.809245000611, ,1,
11.015226,11.015226, ,2411.494682718586,2411.494682718586, ,1,9.8625065,9.8625065, ,2410.676586320255,2410.676586320255, ,1,8.08398,8.08398, ,2411.3551037636475,2411.3551037636475, ,1,
11.1289591,11.1289591, ,2695.372749527526,2695.372749527526, ,1,9.5121937,9.5121937, ,2691.1589095652903,2691.1589095652903, ,1,8.1231021,8.1231021, ,2694.2921056086743,2694.2921056086743, ,1,
11.1176763,11.1176763, ,2793.33235966612,2793.33235966612, ,1,10.978652,10.978652, ,2792.09282389071,2792.09282389071, ,1,10.1164906,10.1164906, ,2792.07727970854,2792.07727970854, ,1,
20.6790521,20.6790521, ,6359.57647295796,6359.57647295796, ,2,16.6505073,16.6505073, ,6361.49070846365,6361.49070846365, ,2,14.8770172,14.8770172, ,6360.8843207263,6360.8843207263, ,2,
74.9905785,37.49528925, ,9568.60725604548,4784.30362802274, ,2,52.6092917,26.30464585, ,9572.29172561096,4786.14586280548, ,2,38.269020999999995,19.134510499999998, ,9567.976353813,4783.9881769065, ,2,
81.46817490000001,40.734087450000004, ,9980.000463540931,4990.000231770466, ,2,53.337947,26.6689735, ,9985.251978683445,4992.625989341723, ,2,40.429273800000004,20.214636900000002, ,9981.563091542797,4990.781545771399, ,2,
80.1270495,40.06352475, ,9947.91799718519,4973.958998592595, ,2,52.6779541,26.33897705, ,9935.485334815941,4967.742667407971, ,2,40.267362500000004,20.133681250000002, ,9936.377596588802,4968.188798294401, ,2,
75.71612809999999,37.858064049999996, ,9645.541207584676,4822.770603792338, ,2,52.0125064,26.0062532, ,9650.097632784142,4825.048816392071, ,2,38.0113557,19.00567785, ,9640.184594478369,4820.0922972391845, ,2,
54.3398743,27.16993715, ,6104.858371141041,3052.4291855705205, ,2,31.7958171,15.89790855, ,6100.86201592403,3050.431007962015, ,2,25.6809003,12.84045015, ,6099.521696937518,3049.760848468759, ,2,
26.7987545,13.39937725, ,2544.3265638172834,1272.1632819086417, ,1,13.085241,6.5426205, ,2539.415525429211,1269.7077627146055, ,1,11.0874591,5.54372955, ,2540.0456707744993,1270.0228353872496, ,1,
12.2472352,12.2472352, ,2880.9382665247394,2880.9382665247394, ,1,11.9053639,11.9053639, ,2880.5481000861264,2880.5481000861264, ,1,10.2043448,10.2043448, ,2886.206463610825,2886.206463610825, ,1,
21.3435778,21.3435778, ,7640.5705585444,7640.5705585444, ,3,17.477485,17.477485, ,7636.75279704586,7636.75279704586, ,3,15.4988451,15.4988451, ,7651.54217913632,7651.54217913632, ,3,
128.1945876,42.731529200000004, ,12951.380387430061,4317.126795810021, ,3,72.1412997,24.047099900000003, ,12952.843187224484,4317.614395741494, ,3,116.8995276,38.9665092, ,12943.902894896019,4314.634298298673, ,3,
134.4417574,44.813919133333336, ,14268.06532718107,4756.021775727023, ,3,76.94601,25.64867, ,14275.557292737072,4758.519097579024, ,3,65.10436960000001,21.70145653333334, ,14271.40012735879,4757.133375786263, ,3,
130.1469682,43.38232273333333, ,13723.681340029321,4574.560446676441, ,3,74.24746090000001,24.749153633333336, ,13715.568435384368,4571.856145128123, ,3,57.347488999999996,19.115829666666666, ,13708.238747376408,4569.412915792136, ,3,
39.8722436,13.290747866666665, ,3794.9064465645747,1264.968815521525, ,1,19.0877208,6.3625736, ,3798.9489386221876,1266.3163128740625, ,1,16.0686989,5.356232966666667, ,3786.48928930796,1262.1630964359867, ,1,
23.9344363,23.9344363, ,9311.07458040849,9311.07458040849, ,3,24.9404711,24.9404711, ,9316.90685709431,9316.90685709431, ,3,17.1068952,17.1068952, ,9314.170369876927,9314.170369876927, ,3,
128.5096964,42.83656546666666, ,14395.537288374544,4798.512429458181, ,3,76.392042,25.464014000000002, ,14416.635686327321,4805.5452287757735, ,3,66.9737715,22.3245905, ,14409.908787901204,4803.302929300401, ,3,
135.5482824,45.182760800000004, ,14462.65867737862,4820.886225792873, ,3,83.2327135,27.744237833333333, ,14449.438732004572,4816.479577334857, ,3,69.7044075,23.2348025, ,14438.039298748052,4812.679766249351, ,3,
118.9210241,39.64034136666667, ,13313.47965064328,4437.826550214427, ,3,73.9407859,24.64692863333333, ,13310.0823042271,4436.6941014090335, ,3,59.9567119,19.985570633333335, ,13303.563824001409,4434.521274667136, ,3,
35.5174942,11.839164733333334, ,3702.8638954427443,1234.2879651475814, ,1,18.8262304,6.275410133333334, ,3701.2158030682167,1233.738601022739, ,1,15.8594567,5.286485566666667, ,3694.6958692548505,1231.5652897516168, ,1,
23.138604,23.138604, ,9153.27227967655,9153.27227967655, ,3,22.2877573,22.2877573, ,9152.45208680634,9152.45208680634, ,3,17.755428,17.755428, ,9160.10244252918,9160.10244252918, ,3,
131.0866158,43.6955386, ,14011.226439791759,4670.40881326392, ,3,76.75859220000001,25.586197400000003, ,14007.45478332146,4669.151594440486, ,3,57.504370699999996,19.168123566666665, ,14011.918079323179,4670.639359774393, ,3,
137.8442315,45.94807716666667, ,13994.562085602449,4664.85402853415, ,3,79.0931959,26.364398633333334, ,13982.806211035633,4660.935403678544, ,3,63.200061899999994,21.066687299999998, ,13972.70209127579,4657.567363758597, ,3,
122.3520498,40.7840166, ,12796.434177781019,4265.478059260339, ,3,70.03555990000001,23.345186633333338, ,12806.641944683539,4268.880648227846, ,3,53.02814550000001,17.676048500000004, ,12791.656314002692,4263.885438000897, ,3,
69.1217999,23.040599966666665, ,6587.772692906369,2195.9242309687897, ,3,35.0696284,11.689876133333334, ,6592.557954740942,2197.5193182469807, ,3,29.055583499999997,9.6851945, ,6588.304303895018,2196.101434631673, ,3,
115.2451873,38.41506243333333, ,12854.84774546622,4284.9492484887405, ,3,66.1843207,22.061440233333332, ,12851.523058647821,4283.841019549273, ,3,50.0698791,16.6899597, ,12847.41533486759,4282.471778289197, ,3,
131.3069146,43.768971533333335, ,13382.116765020175,4460.705588340058, ,3,72.36270160000001,24.120900533333337, ,13386.85936009292,4462.286453364307, ,3,57.908489100000004,19.3028297, ,13363.587369893157,4454.529123297719, ,3,
117.760135,39.25337833333334, ,12364.860097556233,4121.620032518745, ,3,67.152175,22.384058333333332, ,12354.539412727145,4118.179804242382, ,3,51.09766569999999,17.03255523333333, ,12356.105452624935,4118.701817541645, ,3,
74.8980784,24.966026133333333, ,6620.323792316458,2206.7745974388195, ,3,32.9684861,10.989495366666667, ,6618.941771440477,2206.3139238134922, ,3,25.9803534,8.6601178, ,6610.94968228767,2203.64989409589, ,3,
114.3018237,38.1006079, ,12170.527229854779,4056.842409951593, ,3,63.1500729,21.0500243, ,12165.2594484153,4055.0864828051, ,3,47.1164053,15.705468433333332, ,12167.70806065732,4055.902686885773, ,3,
126.65183210000001,42.21727736666667, ,12647.540555203477,4215.846851734493, ,3,71.9734635,23.991154499999997, ,12629.83975867671,4209.94658622557, ,3,53.9621805,17.9873935, ,12635.083729004979,4211.694576334993, ,3,
112.77616549999999,37.59205516666666, ,11781.310836178705,3927.1036120595686, ,3,60.98108140000001,20.327027133333335, ,11770.319172311672,3923.439724103891, ,3,48.9810595,16.327019833333335, ,11758.016105028235,3919.3387016760785, ,3,
55.901946800000005,18.633982266666667, ,5689.276264519456,1896.4254215064855, ,1,29.9657002,9.988566733333334, ,5691.998989595855,1897.3329965319517, ,1,23.983402599999998,7.994467533333332, ,5682.749625222358,1894.2498750741195, ,1,
24.5472131,24.5472131, ,9729.165568023258,9729.165568023258, ,3,23.5378652,23.5378652, ,9726.628712273736,9726.628712273736, ,3,18.1387159,18.1387159, ,9725.909870950365,9725.909870950365, ,3,
109.1391954,36.3797318, ,10555.32431950513,3518.441439835043, ,3,57.514403800000004,19.171467933333336, ,10555.91688528039,3518.6389617601303, ,3,45.237669499999996,15.079223166666665, ,10545.19479533591,3515.064931778637, ,3,
97.9542536,32.65141786666667, ,9974.266811538226,3324.7556038460752, ,3,54.036064499999995,18.0120215, ,9972.930581122127,3324.3101937073757, ,3,40.040647,13.346882333333333, ,9971.818574297115,3323.939524765705, ,3,
85.5785591,28.526186366666668, ,8590.147194556941,2863.382398185647, ,3,43.946978200000004,14.648992733333335, ,8588.330077164985,2862.7766923883282, ,3,35.7829123,11.927637433333333, ,8578.195110524346,2859.398370174782, ,3,
74.87278140000001,24.9575938, ,7433.554503984546,2477.8515013281817, ,3,38.93691200000001,12.978970666666669, ,7440.259007695724,2480.086335898575, ,3,31.164525500000003,10.388175166666668, ,7441.536301232495,2480.512100410832, ,3,
94.4228858,31.47429526666667, ,9382.66146326068,3127.553821086893, ,3,47.9080422,15.969347399999998, ,9384.896709793873,3128.298903264624, ,3,40.0353534,13.345117799999999, ,9380.967735861806,3126.9892452872687, ,3,
96.19450239999999,32.06483413333333, ,9286.95065686314,3095.6502189543803, ,3,52.3745208,17.4581736, ,9279.61583041302,3093.20527680434, ,3,39.5591658,13.1863886, ,9279.980369710851,3093.326789903617, ,3,
63.473857499999994,21.157952499999997, ,6348.313185817406,2116.1043952724685, ,3,31.167381000000002,10.389127, ,6338.556735897075,2112.852245299025, ,3,27.1216331,9.040544366666667, ,6334.092952506977,2111.364317502326, ,3,
101.0740315,33.691343833333335, ,10584.841712609052,3528.2805708696837, ,3,55.4600414,18.486680466666666, ,10582.798698594917,3527.5995661983056, ,3,45.852542400000004,15.284180800000001, ,10585.231478698564,3528.4104928995216, ,3,
122.8009678,40.933655933333334, ,12526.708558198165,4175.569519399388, ,3,66.2774634,22.0924878, ,12522.728045375867,4174.242681791956, ,3,54.215198400000006,18.071732800000003, ,12515.520272052736,4171.840090684245, ,3,
121.22628180000001,40.4087606, ,12800.30353505173,4266.767845017243, ,3,69.0995557,23.03318523333333, ,12792.570045443714,4264.190015147905, ,3,50.1626553,16.7208851, ,12793.41810716975,4264.472702389917, ,3,
59.0226957,19.6742319, ,5767.5416650806865,1922.5138883602287, ,1,30.949391900000002,10.316463966666667, ,5765.766074809363,1921.9220249364544, ,1,24.9587379,8.3195793, ,5755.259731120608,1918.4199103735361, ,1,
23.6457755,23.6457755, ,10588.601065298315,10588.601065298315, ,4,22.9848349,22.9848349, ,10589.315442285024,10589.315442285024, ,4,18.1513321,18.1513321, ,10585.912516605498,10585.912516605498, ,4,
155.091464,38.772866, ,12917.52353533947,3229.3808838348673, ,4,70.9645799,17.741144975, ,12924.458225076953,3231.114556269238, ,4,53.9455856,13.4863964, ,12923.00941183393,3230.7523529584823, ,4,
144.65607319999998,36.164018299999995, ,12843.503037749491,3210.875759437373, ,4,68.9690554,17.24226385, ,12845.621754810421,3211.4054387026054, ,4,53.1606242,13.29015605, ,12831.45877530389,3207.8646938259726, ,4,
125.8846373,31.471159325, ,11668.88433957822,2917.221084894555, ,4,65.8560425,16.464010625, ,11665.24706882287,2916.3117672057174, ,4,58.85712219999999,14.714280549999998, ,11664.31436774407,2916.0785919360173, ,4,
137.9339362,34.48348405, ,12044.82570485776,3011.20642621444, ,4,66.3201023,16.580025575, ,12033.425561967659,3008.3563904919147, ,4,49.9525812,12.4881453, ,12040.895151705241,3010.2237879263103, ,4,
70.9477618,17.73694045, ,6095.650167306204,1523.912541826551, ,1,33.994868,8.498717, ,6099.290966816038,1524.8227417040096, ,1,26.0522543,6.513063575, ,6090.500643646727,1522.6251609116819, ,1,
23.543005,23.543005, ,9900.152308466297,9900.152308466297, ,3,22.8482775,22.8482775, ,9905.087458423815,9905.087458423815, ,3,18.3444384,18.3444384, ,9899.045826528307,9899.045826528307, ,3,
106.7175419,35.57251396666667, ,11099.58857877457,3699.8628595915234, ,3,56.638258300000004,18.879419433333336, ,11101.95697862058,3700.65232620686, ,3,44.7307659,14.910255300000001, ,11098.69037251748,3699.5634575058266, ,3,
99.1605951,33.0535317, ,9981.823239521853,3327.274413173951, ,3,52.0612484,17.353749466666667, ,9968.339122654981,3322.7797075516605, ,3,41.2693118,13.756437266666666, ,9961.469334136407,3320.489778045469, ,3,
50.97396739999999,16.991322466666663, ,4769.51869832321,1589.8395661077366, ,1,25.995281199999997,8.665093733333332, ,4765.17676401009,1588.3922546700298, ,1,19.9177818,6.6392606, ,4766.9543127578,1588.9847709192666, ,1,
22.9183084,22.9183084, ,8818.101237803483,8818.101237803483, ,3,21.5590743,21.5590743, ,8818.17901448264,8818.17901448264, ,3,16.9936619,16.9936619, ,8804.19590468065,8804.19590468065, ,3,
113.1104406,37.7034802, ,10057.21673666943,3352.40557888981, ,3,51.597785200000004,17.199261733333334, ,10059.41584945653,3353.1386164855103, ,3,112.8673794,37.6224598, ,10056.41939292552,3352.13979764184, ,3,
93.68914889999999,31.229716299999996, ,9040.690296904251,3013.563432301417, ,3,47.6707593,15.8902531, ,9043.33220162988,3014.4440672099604, ,3,39.023414,13.007804666666667, ,9045.802755214934,3015.2675850716446, ,3,
34.042141300000004,11.347380433333335, ,2903.247892732506,967.749297577502, ,1,16.0707756,5.3569252, ,2907.1543522797742,969.0514507599247, ,1,13.0150285,4.338342833333333, ,2892.806492094135,964.268830698045, ,1,
18.4755001,18.4755001, ,6558.577796422573,6558.577796422573, ,2,16.1098721,16.1098721, ,6554.0515549192905,6554.0515549192905, ,2,14.7623154,14.7623154, ,6562.706494023573,6562.706494023573, ,2,
65.9060874,32.9530437, ,8323.90842168364,4161.95421084182, ,2,42.508270499999995,21.254135249999997, ,8317.88081192442,4158.94040596221, ,2,32.5710107,16.28550535, ,8317.58614666402,4158.79307333201, ,2,
56.4326049,28.21630245, ,6981.99520233921,3490.997601169605, ,2,34.6629309,17.33146545, ,6975.5096806406,3487.7548403203, ,2,28.7102629,14.35513145, ,6974.85021332795,3487.425106663975, ,2,
53.965275399999996,26.982637699999998, ,6673.166752859767,3336.5833764298836, ,2,33.9853813,16.99269065, ,6669.906245495224,3334.953122747612, ,2,26.978915,13.4894575, ,6670.81430702521,3335.407153512605, ,2,
29.853845200000002,14.926922600000001, ,2641.513780141,1320.7568900705, ,1,14.0089533,7.00447665, ,2645.9335310872902,1322.9667655436451, ,1,12.0074746,6.0037373, ,2644.8358654861004,1322.4179327430502, ,1,
12.8297854,12.8297854, ,5434.51040974842,5434.51040974842, ,2,12.6317997,12.6317997, ,5440.34290085484,5440.34290085484, ,2,11.9705487,11.9705487, ,5418.24258315708,5418.24258315708, ,2,
63.7438064,31.8719032, ,7986.64665218894,3993.32332609447, ,2,41.2070814,20.6035407, ,7984.490353275766,3992.245176637883, ,2,31.358235,15.6791175, ,7975.308246747372,3987.654123373686, ,2,
75.3096433,37.65482165, ,8960.171174746785,4480.085587373393, ,2,48.0060134,24.0030067, ,8966.282589870578,4483.141294935289, ,2,35.294163499999996,17.647081749999998, ,8964.703098315797,4482.351549157898, ,2,
80.6845401,40.34227005, ,9871.506909159125,4935.7534545795625, ,2,51.5240096,25.7620048, ,9863.129375480385,4931.564687740192, ,2,38.686974,19.343487, ,9856.03946889343,4928.019734446715, ,2,
36.466326699999996,18.233163349999998, ,4833.298674450707,2416.6493372253535, ,2,23.1445221,11.57226105, ,4833.837668860393,2416.9188344301965, ,2,17.2995679,8.64978395, ,4833.10551791672,2416.55275895836, ,2,
60.5821957,30.29109785, ,7801.0930380892505,3900.5465190446253, ,2,39.0665928,19.5332964, ,7806.788332278332,3903.394166139166, ,2,30.474041899999996,15.237020949999998, ,7801.989548989345,3900.9947744946726, ,2,
74.9036028,37.4518014, ,8968.19189320059,4484.095946600295, ,2,47.1097057,23.55485285, ,8968.89265626359,4484.446328131795, ,2,35.3201816,17.6600908, ,8964.82663528345,4482.413317641725, ,2,
81.0591553,40.52957765, ,10127.84982102426,5063.92491051213, ,2,55.3487006,27.6743503, ,10131.44100175341,5065.720500876705, ,2,39.372355,19.6861775, ,10131.14995824874,5065.57497912437, ,2,
77.69756269999999,38.848781349999996, ,10601.337994307625,5300.668997153813, ,2,56.097031900000005,28.048515950000002, ,10608.819458599435,5304.409729299718, ,2,77.07873430000001,38.539367150000004, ,10620.459712015905,5310.229856007953, ,2,
25.1507213,12.57536065, ,3679.87539671401,1839.937698357005, ,1,17.152358800000002,8.576179400000001, ,3669.32492663011,1834.662463315055, ,1,13.163751000000001,6.581875500000001, ,3668.2409805768802,1834.1204902884401, ,1,
23.6972168,23.6972168, ,7980.520257948053,7980.520257948053, ,3,18.6830366,18.6830366, ,7981.350295961113,7981.350295961113, ,3,18.4918869,18.4918869, ,7981.260649695719,7981.260649695719, ,3,
